Order,PID,MS SubClass,MS Zoning,Lot Frontage,Lot Area,Street,Alley,Lot Shape,Land Contour,Utilities,Lot Config,Land Slope,Neighborhood,Condition 1,Condition 2,Bldg Type,House Style,Overall Qual,Overall Cond,Year Built,Year Remod/Add,Roof Style,Roof Matl,Exterior 1st,Exterior 2nd,Mas Vnr Type,Mas Vnr Area,Exter Qual,Exter Cond,Foundation,Bsmt Qual,Bsmt Cond,Bsmt Exposure,BsmtFin Type 1,BsmtFin SF 1,BsmtFin Type 2,BsmtFin SF 2,Bsmt Unf SF,Total Bsmt SF,Heating,Heating QC,Central Air,Electrical,1st Flr SF,2nd Flr SF,Low Qual Fin SF,Gr Liv Area,Bsmt Full Bath,Bsmt Half Bath,Full Bath,Half Bath,Bedroom AbvGr,Kitchen AbvGr,Kitchen Qual,TotRms AbvGrd,Functional,Fireplaces,Fireplace Qu,Garage Type,Garage Yr Blt,Garage Finish,Garage Cars,Garage Area,Garage Qual,Garage Cond,Paved Drive,Wood Deck SF,Open Porch SF,Enclosed Porch,3Ssn Porch,Screen Porch,Pool Area,Pool QC,Fence,Misc Feature,Misc Val,Mo Sold,Yr Sold,Sale Type,Sale Condition,SalePrice,,,,,Nermel Gr Liv Area
1973,0535478040,085,RL,66,6760,Pave,NA,Reg,Lvl,AllPub,Inside,Gtl,NAmes,Norm,Norm,1Fam,SFoyer,5,5,1962,1962,Gable,CompShg,HdBoard,HdBoard,None,0,TA,TA,CBlock,TA,TA,Av,ALQ,734,Unf,0,162,896,GasA,TA,Y,SBrkr,936,0,0,936,1,0,1,0,3,1,TA,6,Typ,1,Po,Attchd,1962,RFn,1,288,TA,TA,Y,24,90,160,0,0,0,NA,NA,NA,0,10,2007,WD ,Normal,130000,,,,,-0.7956734051
205,0903430080,070,RM,52,3068,Pave,Grvl,Reg,Lvl,AllPub,Inside,Gtl,OldTown,Norm,Norm,1Fam,2Story,6,8,1920,1993,Gable,CompShg,VinylSd,VinylSd,None,0,TA,Gd,BrkTil,TA,TA,No,Unf,0,Unf,0,662,662,GasA,Ex,Y,SBrkr,662,662,0,1324,0,1,1,0,3,1,TA,6,Typ,0,NA,Detchd,1920,Unf,1,180,TA,TA,Y,0,0,112,0,0,0,NA,GdPrv,NA,0,2,2010,WD ,Normal,122000,,,,,0.8910516191
1644,0527301080,020,RL,,12546,Pave,NA,IR1,Lvl,AllPub,Corner,Gtl,NWAmes,Norm,Norm,1Fam,1Story,6,7,1981,1981,Gable,CompShg,MetalSd,MetalSd,BrkFace,310,Gd,Gd,CBlock,Gd,TA,No,BLQ,678,Unf,0,762,1440,GasA,Ex,Y,SBrkr,1440,0,0,1440,0,0,2,0,3,1,Gd,7,Typ,1,TA,Attchd,1981,Fin,2,467,TA,TA,Y,0,0,99,0,0,0,NA,NA,NA,0,4,2007,WD ,Normal,182900,,,,,1.3953302345
2307,0526302040,020,RL,85,10533,Pave,NA,IR1,Lvl,AllPub,Inside,Gtl,NAmes,Norm,Norm,1Fam,1Story,6,6,1956,1956,Hip,CompShg,VinylSd,VinylSd,BrkFace,244,TA,Gd,CBlock,TA,TA,No,Rec,773,Unf,0,235,1008,GasA,TA,Y,SBrkr,1024,0,0,1024,1,0,1,0,2,1,Gd,5,Typ,2,TA,Attchd,1956,Unf,1,313,TA,TA,Y,0,0,0,0,280,0,NA,NA,NA,0,8,2006,WD ,Normal,157500,,,,,-0.413117214
2897,0916403020,020,RL,50,8049,Pave,NA,IR1,Lvl,AllPub,CulDSac,Gtl,Timber,Norm,Norm,1Fam,1Story,7,5,1990,1990,Hip,CompShg,HdBoard,HdBoard,BrkFace,54,TA,TA,CBlock,Gd,TA,No,ALQ,1053,Unf,0,256,1309,GasA,TA,Y,SBrkr,1339,0,0,1339,1,0,2,0,2,1,TA,6,Typ,1,TA,Attchd,1990,Fin,2,484,Gd,Gd,Y,0,58,0,0,90,0,NA,NA,NA,0,7,2006,WD ,Normal,180000,,,,,0.9562600607
1297,0902128150,190,RM,60,10800,Pave,Grvl,Reg,Lvl,AllPub,Inside,Gtl,OldTown,Norm,Norm,2fmCon,1.5Fin,6,6,1940,1950,Gable,CompShg,Wd Sdng,Wd Sdng,None,0,TA,TA,CBlock,TA,TA,No,BLQ,590,Unf,0,294,884,GasA,TA,Y,SBrkr,884,552,0,1436,0,0,2,0,3,2,TA,8,Typ,2,Gd,Detchd,1940,Unf,2,828,TA,TA,Y,0,0,126,0,0,0,NA,NA,NA,0,5,2008,Con,Normal,155000,,,,,1.3779413167
909,0909178160,050,RL,60,9900,Pave,NA,Reg,Lvl,AllPub,Inside,Gtl,SWISU,Norm,Norm,1Fam,1.5Fin,6,7,1940,1950,Gable,CompShg,VinylSd,VinylSd,None,0,TA,TA,BrkTil,TA,TA,No,Unf,0,Unf,0,778,778,GasA,TA,Y,SBrkr,944,545,0,1489,0,0,2,0,3,1,TA,7,Typ,1,Gd,Detchd,1940,Unf,1,240,TA,TA,Y,335,0,0,0,0,0,NA,GdWo,NA,0,7,2009,WD ,Normal,139500,,,,,1.6083444772
2158,0907295040,020,RL,73,17227,Pave,NA,IR2,Lvl,AllPub,CulDSac,Mod,CollgCr,Norm,Norm,1Fam,1Story,8,5,1999,2000,Gable,CompShg,VinylSd,VinylSd,BrkFace,158,Gd,TA,PConc,Gd,TA,Gd,GLQ,915,Unf,0,426,1341,GasA,Ex,Y,SBrkr,1341,0,0,1341,1,0,1,1,1,1,Gd,5,Typ,1,TA,Attchd,1999,RFn,2,482,TA,TA,Y,240,84,0,0,0,0,NA,NA,NA,0,1,2007,WD ,Normal,246900,,,,,0.9649545196
2293,0923229040,085,RL,72,9129,Pave,NA,Reg,Lvl,AllPub,Inside,Gtl,Mitchel,Norm,Norm,1Fam,SFoyer,5,5,1977,1977,Gable,CompShg,Plywood,Plywood,BrkFace,144,TA,TA,PConc,Gd,TA,Av,GLQ,923,Unf,0,0,923,GasA,TA,Y,SBrkr,1008,0,0,1008,1,0,1,0,1,1,Gd,4,Typ,1,Fa,Attchd,1977,Fin,2,678,TA,TA,Y,201,66,0,0,0,0,NA,MnPrv,NA,0,7,2007,WD ,Normal,153500,,,,,-0.4826728851
1567,0914475020,080,RL,76,9880,Pave,NA,Reg,Lvl,AllPub,Inside,Gtl,Mitchel,Norm,Norm,1Fam,SLvl,6,6,1977,1977,Gable,CompShg,Plywood,Plywood,None,0,TA,TA,CBlock,TA,TA,Av,ALQ,522,Unf,0,574,1096,GasA,TA,Y,SBrkr,1118,0,0,1118,1,0,1,0,3,1,TA,6,Typ,1,Po,Attchd,1977,Fin,1,358,TA,TA,Y,203,0,0,0,0,576,Gd,GdPrv,NA,0,7,2008,WD ,Normal,171000,,,,,-0.0044776463
1218,0534428020,020,RL,,12493,Pave,NA,IR1,Lvl,AllPub,Inside,Gtl,NAmes,Norm,Norm,1Fam,1Story,4,5,1960,1960,Gable,CompShg,Wd Sdng,Wd Sdng,None,0,TA,TA,PConc,TA,TA,No,ALQ,419,Rec,306,375,1100,GasA,TA,Y,SBrkr,1100,0,0,1100,1,0,1,0,3,1,TA,6,Typ,1,Po,Attchd,1960,RFn,1,312,TA,TA,Y,355,0,0,0,0,0,NA,GdWo,NA,0,4,2008,WD ,Normal,141000,,,,,-0.0827277763
636,0535175050,020,RL,66,12400,Pave,NA,IR1,Lvl,AllPub,Inside,Gtl,NAmes,Feedr,Norm,1Fam,1Story,6,7,1958,1998,Hip,CompShg,Wd Sdng,Wd Sdng,BrkFace,176,TA,TA,CBlock,TA,Fa,No,Rec,585,Unf,0,630,1215,GasA,TA,Y,FuseA,1215,0,0,1215,0,0,1,0,3,1,TA,6,Typ,0,NA,Attchd,1958,Unf,1,297,TA,TA,Y,0,0,0,0,234,0,NA,NA,NA,0,6,2009,WD ,Normal,155000,,,,,0.4172036097
1156,0532477030,020,RL,95,19508,Pave,NA,Reg,Lvl,AllPub,Inside,Gtl,Veenker,Norm,Norm,1Fam,1Story,6,5,1974,1974,Gable,CompShg,HdBoard,ImStucc,BrkFace,144,TA,TA,CBlock,TA,TA,Av,ALQ,800,Unf,0,630,1430,GasA,TA,Y,SBrkr,1430,0,0,1430,0,1,2,0,3,1,TA,6,Typ,2,TA,Attchd,1974,Unf,2,484,TA,TA,Y,117,108,165,0,0,0,NA,NA,NA,0,7,2008,WD ,Normal,192000,,,,,1.3518579401
2034,0903454010,070,RM,60,6882,Pave,NA,Reg,Lvl,AllPub,Inside,Gtl,IDOTRR,Norm,Norm,1Fam,2Story,6,7,1914,2006,Gable,CompShg,Wd Sdng,Wd Sdng,None,0,TA,TA,PConc,TA,TA,No,Unf,0,Unf,0,684,684,GasA,TA,Y,SBrkr,773,582,0,1355,0,0,1,1,3,1,Gd,7,Typ,0,NA,NA,,NA,0,0,NA,NA,Y,136,0,115,0,0,0,NA,NA,NA,0,3,2007,WD ,Normal,127000,,,,,1.0258157318
1817,0531453140,085,RL,,9180,Pave,NA,IR1,Lvl,AllPub,CulDSac,Gtl,SawyerW,Norm,Norm,1Fam,SFoyer,5,7,1983,1983,Gable,CompShg,HdBoard,HdBoard,None,0,TA,TA,CBlock,Gd,TA,Av,ALQ,747,LwQ,93,0,840,GasA,Gd,Y,SBrkr,884,0,0,884,1,0,1,0,2,1,Gd,5,Typ,0,NA,Attchd,1983,RFn,2,504,TA,Gd,Y,240,0,0,0,0,0,NA,MnPrv,NA,0,12,2007,WD ,Normal,144000,,,,,-1.0217293361
279,0908103350,080,RL,65,6305,Pave,NA,Reg,Lvl,AllPub,Inside,Gtl,Edwards,Norm,Norm,1Fam,SLvl,6,6,1975,1975,Gable,CompShg,Plywood,Plywood,None,0,TA,TA,CBlock,TA,TA,Av,ALQ,528,Unf,0,480,1008,GasA,TA,Y,SBrkr,1096,0,0,1096,1,0,1,0,3,1,TA,5,Typ,1,Fa,Detchd,1975,Unf,1,352,TA,TA,Y,0,0,0,0,0,0,NA,NA,NA,0,6,2010,WD ,Normal,125200,,,,,-0.1001166941
2819,0908102330,020,RL,67,8877,Pave,NA,Reg,Lvl,AllPub,Inside,Gtl,Edwards,Norm,Norm,1Fam,1Story,4,5,1951,1951,Gable,CompShg,Wd Sdng,Wd Sdng,None,0,TA,TA,CBlock,Fa,Fa,No,LwQ,836,Unf,0,0,836,GasA,TA,Y,FuseF,1220,0,0,1220,0,0,1,0,2,1,TA,6,Typ,0,NA,Detchd,1951,Unf,2,396,TA,TA,Y,0,0,0,0,0,0,NA,NA,NA,0,4,2006,COD,Normal,102000,,,,,0.4389397569
2007,0903204030,050,RM,55,8674,Pave,NA,Reg,HLS,AllPub,Inside,Gtl,BrkSide,RRNn,Artery,1Fam,1.5Fin,5,6,1950,1950,Gable,CompShg,MetalSd,MetalSd,None,0,TA,TA,CBlock,Fa,TA,No,Rec,910,Unf,0,0,910,GasA,TA,Y,SBrkr,910,525,0,1435,1,0,1,0,3,1,TA,6,Typ,0,NA,Detchd,1950,Unf,1,308,TA,TA,Y,0,33,0,0,0,0,NA,NA,NA,0,3,2007,WD ,Normal,128250,,,,,1.3735940873
2871,0909428110,190,RL,90,15750,Pave,NA,Reg,Lvl,AllPub,Corner,Gtl,Crawfor,Norm,Norm,2fmCon,1Story,5,5,1953,1953,Hip,CompShg,MetalSd,MetalSd,BrkFace,56,TA,TA,CBlock,TA,TA,Mn,BLQ,841,Unf,0,324,1165,GasA,TA,Y,SBrkr,1336,0,0,1336,1,0,1,0,2,1,TA,5,Typ,2,Gd,Attchd,1953,Unf,1,375,TA,TA,Y,0,0,0,0,0,0,NA,NA,NA,0,6,2006,WD ,Normal,157000,,,,,0.9432183724
1360,0903452025,030,RM,,6291,Grvl,NA,IR1,Lvl,AllPub,Inside,Gtl,IDOTRR,RRNe,Norm,1Fam,1Story,6,6,1930,1950,Gable,CompShg,Stucco,Wd Shng,None,0,Gd,Gd,BrkTil,TA,TA,No,Unf,0,Unf,0,768,768,GasA,TA,Y,SBrkr,768,0,0,768,0,0,1,0,1,1,TA,4,Typ,0,NA,Detchd,1930,Unf,2,440,TA,TA,N,0,0,84,0,0,0,NA,NA,NA,0,7,2008,WD ,Normal,93850,,,,,-1.5260079516
1929,0535181140,020,RL,70,12198,Pave,NA,IR1,Lvl,AllPub,Inside,Gtl,NAmes,Norm,Norm,1Fam,1Story,5,6,1955,1975,Gable,CompShg,VinylSd,VinylSd,None,0,TA,TA,CBlock,TA,TA,Av,Rec,780,Unf,0,424,1204,GasA,TA,Y,SBrkr,1411,0,0,1411,0,0,1,0,3,1,TA,7,Typ,1,TA,Attchd,1955,RFn,1,310,TA,TA,Y,278,82,0,0,0,0,NA,NA,NA,0,6,2007,COD,Normal,130000,,,,,1.2692605806
390,0527375210,020,RL,85,11050,Pave,NA,IR1,Lvl,AllPub,Corner,Gtl,NWAmes,Norm,Norm,1Fam,1Story,7,5,1975,1975,Gable,CompShg,Plywood,Plywood,None,0,TA,TA,CBlock,TA,TA,No,ALQ,636,Unf,0,540,1176,GasA,Fa,Y,SBrkr,1193,0,0,1193,0,0,2,0,3,1,TA,5,Typ,1,TA,Attchd,1975,Unf,2,506,TA,TA,Y,40,0,0,0,0,0,NA,NA,NA,0,8,2009,WD ,Normal,158000,,,,,0.3215645619
2615,0535404080,020,RL,73,7100,Pave,NA,IR1,Lvl,AllPub,Corner,Gtl,NAmes,Norm,Norm,1Fam,1Story,5,7,1957,1957,Gable,CompShg,WdShing,Wd Shng,None,0,TA,TA,CBlock,TA,TA,No,GLQ,708,Unf,0,108,816,GasA,TA,Y,FuseA,816,0,0,816,1,0,1,0,2,1,TA,5,Typ,0,NA,Detchd,1957,Unf,1,308,TA,TA,Y,0,0,0,0,0,0,NA,NA,NA,0,7,2006,WD ,Normal,129900,,,,,-1.3173409383
861,0907227110,085,RL,60,7200,Pave,NA,Reg,Lvl,AllPub,Inside,Gtl,CollgCr,Norm,Norm,1Fam,SFoyer,5,8,1972,2003,Gable,CompShg,WdShing,HdBoard,None,0,TA,Gd,CBlock,Gd,TA,Av,GLQ,660,Unf,0,108,768,GasA,Gd,Y,SBrkr,768,0,0,768,0,1,1,0,2,1,TA,5,Typ,0,NA,Detchd,1974,Fin,1,396,TA,TA,Y,192,0,0,0,0,0,NA,MnPrv,NA,0,4,2009,WD ,Normal,133900,,,,,-1.5260079516
2374,0527452070,120,RL,53,4043,Pave,NA,Reg,Lvl,AllPub,Inside,Gtl,NPkVill,Norm,Norm,TwnhsE,1Story,6,5,1975,1975,Gable,CompShg,Plywood,Plywood,None,0,TA,TA,CBlock,Gd,TA,No,ALQ,727,BLQ,156,186,1069,GasA,Gd,Y,SBrkr,1069,0,0,1069,0,1,2,0,2,1,TA,4,Typ,1,Po,Attchd,1975,RFn,2,440,TA,TA,Y,0,55,0,0,225,0,NA,NA,NA,0,7,2006,WD ,Normal,146300,,,,,-0.2174918891
1035,0527402060,020,RL,65,9750,Pave,NA,Reg,Lvl,AllPub,FR2,Gtl,NAmes,Norm,Norm,1Fam,1Story,6,8,1969,1969,Gable,CompShg,HdBoard,HdBoard,None,0,TA,TA,CBlock,Gd,TA,No,ALQ,602,LwQ,438,14,1054,GasA,Gd,Y,SBrkr,1054,0,0,1054,1,0,1,1,3,1,TA,6,Typ,0,NA,Attchd,1969,Unf,2,460,TA,TA,Y,180,0,0,0,80,0,NA,NA,NA,0,7,2008,WD ,Normal,151000,,,,,-0.2827003307
2622,0535451190,020,RL,60,7200,Pave,NA,Reg,Lvl,AllPub,Inside,Gtl,NAmes,Norm,Norm,1Fam,1Story,5,7,1950,1950,Hip,CompShg,Wd Sdng,Wd Sdng,None,0,TA,TA,CBlock,NA,NA,NA,NA,0,NA,0,0,0,GasA,TA,Y,FuseF,1040,0,0,1040,0,0,1,0,2,1,TA,5,Typ,0,NA,Detchd,1950,Unf,2,625,TA,TA,Y,0,0,0,0,0,0,NA,NA,NA,0,6,2006,WD ,Normal,109500,,,,,-0.3435615429
1030,0527359030,020,RL,80,10400,Pave,NA,Reg,Lvl,AllPub,Inside,Gtl,NWAmes,Norm,Norm,1Fam,1Story,6,5,1976,1976,Gable,CompShg,HdBoard,HdBoard,BrkFace,120,TA,TA,CBlock,TA,TA,No,Unf,0,Unf,0,1444,1444,GasA,TA,Y,SBrkr,1444,0,0,1444,0,0,2,0,2,1,TA,5,Typ,1,Gd,Attchd,1976,Unf,2,473,TA,TA,Y,0,24,0,0,0,0,NA,GdWo,NA,0,4,2008,WD ,Normal,159900,,,,,1.4127191523
313,0914478045,080,RL,,12328,Pave,NA,IR1,Lvl,AllPub,Inside,Gtl,Mitchel,Norm,Norm,1Fam,SLvl,6,5,1976,1976,Gable,CompShg,HdBoard,HdBoard,BrkFace,335,TA,TA,CBlock,TA,TA,Av,GLQ,539,Unf,0,473,1012,GasA,TA,Y,SBrkr,1034,0,0,1034,1,0,1,0,3,1,TA,6,Typ,0,NA,Attchd,1976,Unf,3,888,TA,TA,Y,0,0,0,0,0,0,NA,NA,NA,0,5,2010,WD ,Normal,169900,,,,,-0.3696449196
400,0527405180,020,RL,70,8120,Pave,NA,Reg,Lvl,AllPub,Inside,Gtl,NAmes,Norm,Norm,1Fam,1Story,4,7,1970,1970,Gable,CompShg,MetalSd,MetalSd,None,0,TA,Gd,CBlock,TA,TA,No,ALQ,191,Unf,0,673,864,GasA,Ex,Y,SBrkr,864,0,0,864,0,0,1,0,3,1,TA,5,Typ,0,NA,Detchd,1994,Unf,2,463,TA,TA,Y,0,0,0,0,0,0,NA,NA,NA,0,7,2009,WD ,Normal,124500,,,,,-1.108673925
2006,0903201090,040,RL,55,6854,Pave,NA,Reg,Bnk,AllPub,Inside,Mod,BrkSide,Norm,Norm,1Fam,1Story,5,7,1925,1994,Gable,CompShg,MetalSd,MetalSd,None,0,TA,Gd,PConc,TA,TA,No,LwQ,317,Rec,227,212,756,GasA,TA,N,FuseA,916,144,0,1060,1,0,1,0,1,1,TA,6,Mod,1,Gd,Detchd,1969,Unf,1,308,Fa,TA,Y,0,65,0,0,150,0,NA,NA,NA,0,8,2007,WD ,Normal,136500,,,,,-0.2566169541
206,0903450110,090,RM,110,8472,Grvl,NA,IR2,Bnk,AllPub,Corner,Mod,IDOTRR,RRNn,Norm,Duplex,1Story,5,5,1963,1963,Gable,CompShg,Wd Sdng,Wd Sdng,None,0,Fa,TA,CBlock,Gd,TA,Gd,LwQ,104,GLQ,712,0,816,GasA,TA,N,SBrkr,816,0,0,816,1,0,1,0,2,1,TA,5,Typ,0,NA,CarPort,1963,Unf,2,516,TA,TA,Y,106,0,0,0,0,0,NA,NA,NA,0,5,2010,WD ,Normal,110000,,,,,-1.3173409383
2662,0902325160,050,RM,63,5000,Pave,NA,Reg,Lvl,AllPub,Corner,Gtl,OldTown,Norm,Norm,1Fam,1.5Fin,5,4,1900,1950,Gable,CompShg,Wd Sdng,Wd Sdng,None,0,TA,TA,BrkTil,TA,TA,No,Unf,0,Unf,0,540,540,GasA,Gd,N,FuseA,889,551,0,1440,0,0,1,0,3,1,TA,6,Typ,0,NA,Attchd,1940,Unf,1,352,Fa,TA,Y,0,0,77,0,0,0,NA,NA,NA,0,4,2006,WD ,Normal,79000,,,,,1.3953302345
2584,0535303050,020,RL,75,11310,Pave,NA,Reg,Lvl,AllPub,Inside,Gtl,NAmes,Norm,Norm,1Fam,1Story,6,5,1954,1954,Hip,CompShg,Wd Sdng,BrkFace,None,0,TA,TA,CBlock,TA,TA,No,Unf,0,Unf,0,1367,1367,GasA,Ex,Y,SBrkr,1375,0,0,1375,0,0,1,0,2,1,TA,5,Typ,1,TA,Attchd,1954,Unf,2,451,TA,TA,Y,0,30,0,0,0,0,NA,NA,NA,0,6,2006,WD ,Normal,140000,,,,,1.1127603207
2729,0905300010,085,RL,72,10820,Pave,NA,Reg,Lvl,AllPub,Corner,Gtl,Sawyer,Feedr,Norm,1Fam,SFoyer,5,7,1971,1972,Gable,CompShg,HdBoard,HdBoard,BrkFace,153,TA,TA,PConc,Gd,TA,Av,GLQ,535,Rec,159,88,782,GasA,Ex,Y,SBrkr,810,0,0,810,1,0,1,0,2,1,TA,4,Typ,0,NA,Detchd,1973,Unf,2,576,TA,TA,Y,0,0,0,0,0,0,NA,MnPrv,NA,0,6,2006,WD ,Normal,130000,,,,,-1.343424315
1548,0910202100,030,RM,,5890,Pave,NA,Reg,Lvl,AllPub,Corner,Gtl,IDOTRR,Norm,Norm,1Fam,1Story,6,8,1930,2007,Gable,CompShg,Wd Sdng,Wd Sdng,None,0,Gd,Gd,BrkTil,TA,TA,Av,ALQ,538,Unf,0,278,816,GasA,Ex,Y,SBrkr,816,0,0,816,0,0,1,0,2,1,TA,5,Typ,0,NA,Detchd,2002,Unf,1,432,TA,TA,Y,0,0,96,0,0,0,NA,NA,NA,0,6,2008,WD ,Normal,120500,,,,,-1.3173409383
36,0527454200,160,RL,24,2280,Pave,NA,Reg,Lvl,AllPub,Inside,Gtl,NPkVill,Norm,Norm,Twnhs,2Story,6,5,1978,1978,Gable,CompShg,Plywood,Brk Cmn,None,0,TA,TA,CBlock,Gd,TA,No,ALQ,311,Unf,0,544,855,GasA,Fa,Y,SBrkr,855,601,0,1456,0,0,2,1,3,1,TA,7,Typ,1,TA,Attchd,1978,Unf,2,440,TA,TA,Y,26,0,0,0,0,0,NA,NA,NA,0,7,2010,WD ,Normal,146000,,,,,1.4648859056
324,0923202105,020,RL,93,10114,Pave,NA,Reg,Lvl,AllPub,Inside,Gtl,Mitchel,Norm,Norm,1Fam,1Story,5,5,2004,2005,Gable,CompShg,VinylSd,VinylSd,None,0,TA,TA,PConc,Ex,TA,Av,Unf,0,Unf,0,1430,1430,GasA,Ex,Y,SBrkr,1430,0,0,1430,0,0,2,0,3,1,Gd,7,Typ,0,NA,Attchd,2004,RFn,2,624,TA,TA,Y,0,0,0,0,0,0,NA,NA,NA,0,3,2010,WD ,Normal,173500,,,,,1.3518579401
2517,0533250130,120,RL,30,9549,Pave,NA,IR1,Lvl,AllPub,CulDSac,Gtl,Veenker,Norm,Norm,TwnhsE,1Story,8,5,1995,1996,Hip,CompShg,BrkFace,BrkFace,None,0,Gd,Gd,PConc,Gd,Gd,Av,LwQ,437,GLQ,1057,0,1494,GasA,Ex,Y,SBrkr,1494,0,0,1494,1,0,1,1,2,1,Ex,6,Typ,1,Gd,Attchd,1995,Fin,2,481,TA,TA,Y,0,30,0,0,216,0,NA,NA,NA,0,4,2006,WD ,Normal,270000,,,,,1.6300806245
144,0535153070,020,RL,73,8760,Pave,NA,Reg,Lvl,AllPub,Inside,Gtl,NAmes,Norm,Norm,1Fam,1Story,6,6,1959,1959,Hip,CompShg,MetalSd,MetalSd,BrkFace,220,TA,TA,CBlock,TA,TA,No,Unf,0,Unf,0,1194,1194,GasA,TA,Y,SBrkr,1194,0,0,1194,1,0,1,0,3,1,TA,6,Typ,0,NA,Attchd,1959,RFn,1,312,TA,TA,Y,0,0,120,0,0,0,NA,NA,NA,0,4,2010,WD ,Normal,148000,,,,,0.3259117914
798,0905480030,050,RL,60,9060,Pave,NA,Reg,Lvl,AllPub,Inside,Gtl,Edwards,Norm,Norm,1Fam,1.5Fin,6,5,1939,1950,Gable,CompShg,WdShing,Wd Shng,None,0,TA,TA,BrkTil,TA,TA,Mn,Rec,204,Unf,0,356,560,GasA,TA,Y,SBrkr,698,560,0,1258,0,0,1,0,2,1,TA,6,Typ,0,NA,Detchd,1939,Unf,1,280,TA,TA,P,0,0,0,0,0,0,NA,MnPrv,NA,0,10,2009,WD ,Normal,105000,,,,,0.6041344758
2287,0923228200,180,RM,,1533,Pave,NA,Reg,Lvl,AllPub,Inside,Gtl,MeadowV,Norm,Norm,Twnhs,SLvl,4,5,1970,1970,Gable,CompShg,CemntBd,CmentBd,None,0,TA,TA,CBlock,Gd,TA,Av,GLQ,503,Unf,0,27,530,GasA,TA,Y,SBrkr,530,462,0,992,1,0,1,0,2,1,TA,4,Typ,0,NA,BuiltIn,1970,Fin,1,297,TA,TA,Y,112,97,0,0,0,0,NA,NA,NA,0,7,2007,WD ,Normal,106500,,,,,-0.5522285562
2008,0903205085,030,RL,98,8731,Pave,NA,IR1,Lvl,AllPub,Inside,Gtl,BrkSide,Norm,Norm,1Fam,1Story,5,5,1920,1950,Gable,CompShg,Stucco,Stucco,None,0,TA,Fa,BrkTil,TA,TA,No,BLQ,645,Unf,0,270,915,GasA,TA,Y,SBrkr,1167,0,0,1167,0,0,1,0,3,1,TA,6,Maj1,1,Gd,Detchd,1972,Unf,2,495,TA,TA,Y,0,0,216,0,126,0,NA,NA,NA,0,5,2007,WD ,Normal,144000,,,,,0.2085365964
823,0906378110,020,RL,71,9178,Pave,NA,Reg,Lvl,AllPub,Inside,Gtl,CollgCr,Norm,Norm,1Fam,1Story,8,5,2008,2008,Gable,CompShg,VinylSd,VinylSd,None,0,Gd,TA,PConc,Gd,TA,Av,Unf,0,Unf,0,1468,1468,GasA,Ex,Y,SBrkr,1468,0,0,1468,0,0,2,0,3,1,Gd,6,Typ,1,Gd,Attchd,2008,RFn,3,904,TA,TA,Y,192,142,0,0,0,0,NA,NA,NA,0,6,2009,WD ,Normal,239900,,,,,1.5170526589
1432,0907126030,020,RL,65,9750,Pave,NA,Reg,Low,AllPub,Inside,Mod,CollgCr,Norm,Norm,1Fam,1Story,5,7,1994,1994,Gable,CompShg,VinylSd,VinylSd,None,0,TA,TA,PConc,Gd,TA,No,GLQ,722,Unf,0,268,990,GasA,Ex,Y,SBrkr,990,0,0,990,1,0,1,0,3,1,TA,5,Typ,0,NA,Detchd,1997,Unf,2,528,TA,TA,Y,168,0,0,0,0,0,NA,NA,NA,0,8,2008,WD ,Normal,155000,,,,,-0.5609230151
672,0535403210,020,RL,90,10454,Pave,NA,IR1,Lvl,AllPub,Corner,Gtl,NAmes,Norm,Norm,1Fam,1Story,6,6,1957,1957,Hip,CompShg,Plywood,Plywood,Stone,143,TA,TA,CBlock,TA,TA,No,Rec,546,Unf,0,559,1105,GasA,Gd,Y,FuseA,1105,0,0,1105,0,0,1,0,3,1,TA,5,Typ,0,NA,Detchd,1957,Unf,1,308,TA,TA,Y,0,0,0,0,0,0,NA,NA,NA,0,4,2009,WD ,Normal,135000,,,,,-0.0609916291
793,0905452050,030,RL,50,9340,Pave,NA,Reg,Lvl,AllPub,Inside,Gtl,Edwards,Norm,Norm,1Fam,1Story,4,6,1941,1950,Hip,CompShg,MetalSd,MetalSd,None,0,TA,TA,CBlock,TA,TA,No,Rec,344,Unf,0,328,672,GasA,TA,Y,SBrkr,672,0,0,672,1,0,1,0,2,1,TA,4,Typ,0,NA,Attchd,1941,Unf,1,234,TA,TA,N,0,113,0,0,0,0,NA,NA,NA,0,8,2009,WD ,Normal,113000,,,,,-1.9433419782
978,0923228110,180,RM,21,1477,Pave,NA,Reg,Lvl,AllPub,Inside,Gtl,MeadowV,Norm,Norm,TwnhsE,SFoyer,4,4,1970,1970,Gable,CompShg,CemntBd,CmentBd,None,0,TA,TA,CBlock,Gd,TA,Av,GLQ,509,Unf,0,121,630,GasA,TA,Y,SBrkr,630,0,0,630,1,0,1,0,1,1,TA,3,Typ,0,NA,Attchd,1970,Unf,1,286,TA,TA,Y,0,0,0,0,0,0,NA,NA,NA,0,4,2009,WD ,Normal,80000,,,,,-2.1259256148
2824,0908130020,020,RL,75,8050,Pave,NA,Reg,Lvl,AllPub,Inside,Gtl,Edwards,Norm,Norm,1Fam,1Story,6,5,2002,2002,Gable,CompShg,VinylSd,VinylSd,,,TA,TA,PConc,Gd,TA,Av,GLQ,475,ALQ,297,142,914,GasA,Ex,Y,SBrkr,914,0,0,914,1,0,1,0,2,1,Gd,4,Typ,0,NA,NA,,NA,0,0,NA,NA,N,32,0,0,0,0,0,NA,NA,NA,0,4,2006,WD ,Normal,117250,,,,,-0.8913124528
1486,0908102030,030,RL,67,8777,Pave,NA,Reg,Lvl,AllPub,Inside,Gtl,Edwards,Feedr,Norm,1Fam,1Story,5,7,1910,1950,Gable,CompShg,MetalSd,Wd Sdng,None,0,TA,TA,CBlock,Fa,TA,No,Unf,0,Unf,0,796,796,GasA,Gd,Y,FuseA,796,0,0,796,0,0,1,0,2,1,TA,4,Typ,0,NA,NA,,NA,0,0,NA,NA,P,328,0,164,0,0,0,NA,MnPrv,NA,0,5,2008,WD ,Normal,85000,,,,,-1.4042855272
923,0909277090,020,RL,80,14680,Pave,Grvl,IR1,HLS,AllPub,Inside,Gtl,Crawfor,Norm,Norm,1Fam,1Story,5,4,1960,1960,Gable,CompShg,MetalSd,MetalSd,None,0,TA,TA,CBlock,TA,TA,No,Rec,793,Unf,0,480,1273,GasA,Ex,Y,SBrkr,1273,0,0,1273,0,0,1,0,2,1,TA,5,Typ,0,NA,Attchd,1960,Unf,1,307,TA,TA,Y,483,0,0,0,115,0,NA,MnPrv,NA,0,6,2009,WD ,Normal,155000,,,,,0.6693429174
925,0909278020,050,RL,54,7681,Pave,NA,IR1,Lvl,AllPub,FR2,Gtl,Crawfor,Norm,Norm,1Fam,1.5Fin,5,6,1921,1950,Gable,CompShg,Wd Sdng,Wd Sdng,None,0,TA,TA,BrkTil,TA,TA,No,Unf,0,Unf,0,731,731,GasA,Ex,Y,SBrkr,820,523,0,1343,0,0,1,1,3,1,TA,7,Typ,1,Gd,Detchd,1921,Unf,1,186,Fa,TA,Y,192,0,102,0,0,0,NA,NA,NA,0,7,2009,WD ,Normal,154900,,,,,0.9736489785
2228,0909455060,120,RM,35,3907,Pave,NA,IR1,Bnk,AllPub,Inside,Mod,Blueste,Norm,Norm,TwnhsE,1Story,8,5,1988,1988,Gable,CompShg,HdBoard,HdBoard,None,0,TA,TA,CBlock,Gd,TA,Gd,GLQ,577,Unf,0,427,1004,GasA,Gd,Y,SBrkr,1020,0,0,1020,1,0,1,0,1,1,TA,4,Typ,0,NA,Attchd,1988,Unf,2,509,TA,TA,Y,135,0,0,0,0,0,NA,NA,NA,0,3,2007,WD ,Normal,200000,,,,,-0.4305061318
1412,0905452070,090,RL,50,9350,Pave,NA,Reg,Lvl,AllPub,Inside,Gtl,Edwards,Norm,Norm,Duplex,SFoyer,5,5,1975,1975,Gable,CompShg,HdBoard,HdBoard,None,0,TA,TA,PConc,Gd,TA,Av,GLQ,864,Unf,0,0,864,GasA,Fa,N,SBrkr,864,0,0,864,1,0,1,0,2,1,TA,4,Typ,0,NA,NA,,NA,0,0,NA,NA,Y,0,0,0,0,0,0,NA,NA,NA,0,4,2008,WD ,Normal,99600,,,,,-1.108673925
2690,0903430130,030,RM,153,4118,Pave,Grvl,IR1,Bnk,AllPub,Corner,Mod,OldTown,Feedr,Norm,1Fam,1Story,4,4,1941,1950,Gable,CompShg,Wd Sdng,Wd Sdng,None,0,TA,TA,CBlock,TA,TA,No,Unf,0,Unf,0,693,693,Grav,Fa,N,FuseA,693,0,0,693,0,0,1,0,2,1,Fa,4,Typ,0,NA,NA,,NA,0,0,NA,NA,N,0,20,0,0,0,0,NA,NA,NA,0,3,2006,WD ,Normal,52500,,,,,-1.8520501599
1263,0535425060,020,RL,76,11355,Pave,NA,IR1,Lvl,AllPub,Corner,Gtl,NAmes,Norm,Norm,1Fam,1Story,7,7,1958,2001,Gable,Tar&Grv,HdBoard,HdBoard,BrkFace,125,TA,TA,CBlock,TA,TA,No,BLQ,637,Unf,0,675,1312,GasA,Ex,Y,SBrkr,1312,0,0,1312,0,0,1,1,3,1,TA,6,Typ,1,Gd,Attchd,1958,RFn,2,495,TA,TA,Y,0,304,144,0,0,0,NA,MnPrv,Othr,6500,4,2008,WD ,Normal,186000,,,,,0.8388848657
665,0535383110,030,RL,60,10800,Pave,Grvl,Reg,Lvl,AllPub,Inside,Gtl,OldTown,Norm,Norm,1Fam,1Story,5,7,1920,1950,Gable,CompShg,Wd Sdng,Wd Sdng,None,0,TA,TA,BrkTil,TA,TA,No,Unf,0,Unf,0,720,720,GasA,TA,N,SBrkr,846,0,0,846,0,0,1,0,2,1,Gd,4,Typ,0,NA,Detchd,1980,Fin,2,576,TA,TA,N,0,0,0,0,0,0,NA,NA,NA,0,6,2009,WD ,Normal,106000,,,,,-1.186924055
194,0903225150,030,RM,50,5000,Pave,NA,Reg,Lvl,AllPub,Inside,Gtl,BrkSide,Feedr,Norm,1Fam,1Story,4,7,1925,1950,Gable,CompShg,MetalSd,MetalSd,None,0,TA,TA,BrkTil,TA,TA,No,Rec,188,Unf,0,577,765,GasA,TA,N,FuseF,765,0,0,765,1,0,1,0,2,1,Gd,4,Typ,0,NA,Detchd,1926,Unf,1,200,Fa,TA,P,135,0,41,0,0,0,NA,MnPrv,NA,0,4,2010,WD ,Normal,87000,,,,,-1.5390496399
2558,0534453150,050,RL,92,7438,Pave,NA,IR1,Lvl,AllPub,Inside,Gtl,BrkSide,RRAn,Feedr,1Fam,1.5Fin,5,8,1908,1991,Gable,CompShg,AsbShng,Plywood,None,0,TA,TA,PConc,Fa,TA,No,Unf,0,Unf,0,504,504,GasA,Gd,Y,SBrkr,936,316,0,1252,0,0,1,0,3,1,TA,5,Typ,0,NA,Attchd,1986,Unf,2,576,TA,TA,Y,104,0,0,0,0,0,NA,MnPrv,NA,0,6,2006,WD ,Normal,127000,,,,,0.5780510991
540,0531375040,020,RL,63,13072,Pave,NA,Reg,Lvl,AllPub,Inside,Gtl,SawyerW,RRAe,Norm,1Fam,1Story,7,5,2004,2005,Gable,CompShg,VinylSd,VinylSd,None,0,Gd,TA,PConc,Gd,TA,No,Unf,0,Unf,0,1114,1114,GasA,Ex,Y,SBrkr,1114,0,0,1114,0,0,1,1,3,1,Gd,6,Typ,0,NA,Detchd,2005,Unf,2,576,TA,TA,Y,248,102,0,0,0,0,NA,NA,NA,0,5,2009,WD ,Normal,159000,,,,,-0.0218665641
1814,0531385130,020,RL,,16196,Pave,NA,IR3,Low,AllPub,Inside,Gtl,SawyerW,Norm,Norm,1Fam,1Story,7,5,1998,1998,Gable,CompShg,VinylSd,VinylSd,None,0,Gd,TA,PConc,Gd,TA,Gd,GLQ,1443,Unf,0,39,1482,GasA,Ex,Y,SBrkr,1494,0,0,1494,1,0,2,0,3,1,Gd,5,Typ,1,Fa,Attchd,1998,RFn,2,514,TA,TA,Y,402,25,0,0,0,0,NA,NA,NA,0,8,2007,WD ,Normal,215000,,,,,1.6300806245
338,0923426070,060,RL,63,10475,Pave,NA,Reg,Lvl,AllPub,Inside,Gtl,Mitchel,Norm,Norm,1Fam,2Story,5,5,1991,1991,Gable,CompShg,HdBoard,HdBoard,None,0,TA,TA,PConc,Gd,TA,No,Rec,458,Unf,0,166,624,GasA,Gd,Y,SBrkr,624,650,0,1274,0,0,1,1,3,1,TA,6,Typ,0,NA,Detchd,1993,Unf,2,576,TA,TA,Y,22,0,0,0,0,0,NA,GdWo,NA,0,3,2010,WD ,Normal,136000,,,,,0.6736901469
2111,0906392080,020,RL,64,7242,Pave,NA,Reg,Lvl,AllPub,Inside,Gtl,CollgCr,Norm,Norm,1Fam,1Story,7,5,2005,2006,Gable,CompShg,VinylSd,VinylSd,None,0,Gd,TA,PConc,Gd,TA,No,Unf,0,Unf,0,1270,1270,GasA,Ex,Y,SBrkr,1270,0,0,1270,0,0,2,0,2,1,Gd,6,Typ,0,NA,Attchd,2005,RFn,2,524,TA,TA,Y,0,96,0,0,0,0,NA,NA,NA,0,7,2007,WD ,Normal,175900,,,,,0.6563012291
2183,0908186050,180,RM,35,3675,Pave,NA,Reg,Lvl,AllPub,Inside,Gtl,Edwards,Norm,Norm,TwnhsE,SFoyer,6,5,2005,2005,Gable,CompShg,VinylSd,VinylSd,Stone,76,TA,TA,PConc,Gd,TA,Gd,GLQ,467,Unf,0,80,547,GasA,Ex,Y,SBrkr,1072,0,0,1072,1,0,1,0,2,1,Gd,5,Typ,0,NA,Basment,2005,Fin,2,525,TA,TA,Y,0,44,0,0,0,0,NA,NA,NA,0,5,2007,WD ,Normal,140000,,,,,-0.2044502007
2486,0532351060,020,RL,70,9100,Pave,NA,Reg,Lvl,AllPub,Inside,Gtl,Sawyer,RRAe,Norm,1Fam,1Story,5,4,1962,1962,Hip,CompShg,Wd Sdng,Wd Sdng,BrkFace,51,TA,TA,CBlock,TA,TA,No,LwQ,36,Unf,0,952,988,GasA,Ex,Y,SBrkr,988,0,0,988,1,0,1,0,3,1,TA,6,Typ,0,NA,Detchd,1977,Unf,2,624,TA,TA,Y,0,0,0,0,0,0,NA,NA,NA,0,7,2006,WD ,Normal,129500,,,,,-0.569617474
219,0905102060,190,RL,75,11625,Pave,NA,Reg,Lvl,AllPub,Inside,Gtl,Sawyer,Norm,Norm,2fmCon,1Story,5,4,1965,1965,Hip,CompShg,Plywood,HdBoard,None,0,TA,TA,PConc,TA,TA,Mn,BLQ,841,Unf,0,198,1039,GasA,Ex,Y,SBrkr,1039,0,0,1039,1,0,1,1,3,1,TA,6,Typ,0,NA,Attchd,1965,Unf,2,504,TA,TA,Y,0,0,0,0,0,0,NA,NA,NA,0,4,2010,WD ,Normal,131500,,,,,-0.3479087724
2367,0527450210,160,RM,21,1953,Pave,NA,Reg,Lvl,AllPub,Inside,Gtl,BrDale,Norm,Norm,Twnhs,2Story,6,5,1973,1973,Gable,CompShg,HdBoard,HdBoard,BrkFace,408,TA,TA,CBlock,TA,Fa,No,BLQ,309,Unf,0,174,483,GasA,TA,Y,SBrkr,483,504,0,987,0,0,1,1,2,1,TA,5,Typ,0,NA,Detchd,1973,Unf,1,264,TA,TA,Y,72,0,0,0,0,0,NA,NA,NA,0,6,2006,WD ,Normal,83000,,,,,-0.5739647034
705,0902135020,020,RM,60,6000,Pave,Pave,Reg,Bnk,AllPub,Inside,Mod,OldTown,Norm,Norm,2fmCon,1Story,4,4,1953,1953,Gable,CompShg,MetalSd,MetalSd,None,0,Fa,TA,CBlock,Fa,TA,No,Unf,0,Unf,0,936,936,GasA,TA,N,SBrkr,936,0,0,936,0,0,1,0,2,1,TA,4,Min2,0,NA,Detchd,1974,Unf,2,576,TA,TA,Y,0,32,112,0,0,0,NA,NA,NA,0,2,2009,WD ,Normal,93000,,,,,-0.7956734051
1813,0531385070,020,RL,65,8450,Pave,NA,Reg,Lvl,AllPub,Inside,Gtl,SawyerW,Norm,Norm,1Fam,1Story,7,5,2000,2001,Gable,CompShg,VinylSd,VinylSd,BrkFace,108,TA,TA,PConc,Gd,TA,No,Unf,0,Unf,0,1349,1349,GasA,Ex,Y,SBrkr,1349,0,0,1349,0,0,2,0,3,1,TA,6,Typ,0,NA,Attchd,2000,Unf,2,539,TA,TA,Y,120,55,0,0,0,0,NA,GdPrv,NA,0,12,2007,WD ,Normal,179000,,,,,0.9997323551
1821,0532354060,020,RL,70,7420,Pave,NA,Reg,Lvl,AllPub,Inside,Gtl,Sawyer,Norm,Norm,1Fam,1Story,5,5,1962,1962,Hip,CompShg,MetalSd,MetalSd,None,0,TA,TA,CBlock,TA,TA,No,Rec,417,Unf,0,640,1057,GasA,TA,Y,SBrkr,1057,0,0,1057,0,0,1,0,3,1,TA,6,Typ,0,NA,Detchd,1977,Fin,2,576,TA,TA,Y,0,0,0,0,0,0,NA,NA,NA,0,4,2007,WD ,Normal,132000,,,,,-0.2696586424
2144,0907227100,020,RL,60,7200,Pave,NA,Reg,Lvl,AllPub,Inside,Gtl,CollgCr,Norm,Norm,1Fam,1Story,4,8,1972,2006,Gable,CompShg,Plywood,Plywood,None,0,TA,Gd,CBlock,TA,TA,No,Rec,385,Unf,0,0,385,GasA,Gd,Y,SBrkr,875,0,0,875,0,0,1,0,3,1,Gd,5,Typ,0,NA,Detchd,1975,Unf,2,728,TA,TA,Y,352,0,0,0,0,0,NA,NA,NA,0,10,2007,WD ,Normal,117000,,,,,-1.0608544011
2899,0916460070,020,RL,,8098,Pave,NA,IR1,Lvl,AllPub,Inside,Gtl,Timber,Norm,Norm,1Fam,1Story,6,5,2000,2000,Gable,CompShg,VinylSd,VinylSd,None,0,Gd,TA,Wood,Gd,TA,Av,GLQ,1136,BLQ,116,129,1381,GasA,Ex,Y,SBrkr,1403,0,0,1403,1,0,2,0,2,1,Gd,5,Typ,0,NA,Attchd,2000,Unf,2,470,TA,TA,Y,0,173,0,0,0,0,NA,NA,NA,0,10,2006,WD ,Normal,202000,,,,,1.2344827451
1262,0535403010,020,RL,78,10180,Pave,NA,IR1,Lvl,AllPub,Corner,Gtl,NAmes,Feedr,Norm,1Fam,1Story,5,6,1968,1968,Gable,CompShg,HdBoard,Plywood,None,0,TA,TA,CBlock,TA,TA,No,Rec,744,Unf,0,168,912,GasA,TA,Y,SBrkr,1044,0,0,1044,0,1,1,1,3,1,TA,5,Typ,1,Fa,Attchd,1990,Fin,2,372,TA,TA,Y,200,48,0,0,0,0,NA,GdWo,Shed,450,6,2008,WD ,Normal,139000,,,,,-0.3261726252
708,0902204080,030,RM,62,7404,Pave,NA,Reg,Lvl,AllPub,Corner,Gtl,OldTown,Norm,Norm,1Fam,1Story,4,6,1920,1950,Gable,CompShg,MetalSd,MetalSd,None,0,TA,TA,BrkTil,Fa,TA,No,Unf,0,Unf,0,861,861,GasA,TA,Y,SBrkr,861,0,0,861,0,0,1,0,2,1,TA,5,Typ,0,NA,Detchd,1920,Unf,2,288,TA,TA,N,0,0,128,0,0,0,NA,NA,NA,0,11,2009,Oth,Normal,80000,,,,,-1.1217156133
2685,0903236200,045,RM,58,6380,Pave,NA,Reg,Lvl,AllPub,Inside,Gtl,BrkSide,Norm,Norm,1Fam,1.5Unf,5,6,1922,1950,Gable,CompShg,MetalSd,MetalSd,None,0,TA,TA,BrkTil,TA,Fa,No,Unf,0,Unf,0,993,993,GasA,TA,Y,FuseA,1048,0,0,1048,0,0,1,0,2,1,TA,5,Typ,1,Gd,Detchd,1922,Unf,1,280,TA,TA,Y,0,0,116,0,0,0,NA,NA,NA,0,8,2006,WD ,Normal,113000,,,,,-0.3087837074
2782,0907200170,080,RL,55,10780,Pave,NA,IR1,Lvl,AllPub,Inside,Gtl,CollgCr,Norm,Norm,1Fam,SLvl,5,5,1976,1976,Gable,CompShg,MetalSd,MetalSd,None,0,TA,TA,CBlock,TA,TA,Av,ALQ,483,Unf,0,428,911,GasA,Gd,Y,SBrkr,954,0,0,954,0,0,1,0,3,1,TA,6,Typ,0,NA,Detchd,1976,Unf,2,576,TA,TA,Y,0,0,0,0,0,0,NA,NA,NA,0,7,2006,WD ,Normal,132500,,,,,-0.7174232751
1898,0534427140,020,RL,75,7388,Pave,NA,Reg,Lvl,AllPub,Corner,Gtl,NAmes,Norm,Norm,1Fam,1Story,5,6,1959,2002,Gable,CompShg,MetalSd,MetalSd,None,0,TA,TA,CBlock,TA,TA,No,Rec,405,Unf,0,658,1063,GasA,Gd,Y,SBrkr,1327,0,0,1327,1,0,1,0,3,1,Gd,7,Typ,0,NA,Detchd,1974,Unf,2,624,TA,TA,Y,0,0,0,0,0,0,NA,NA,NA,0,7,2007,WD ,Normal,150750,,,,,0.9040933074
560,0532376110,020,RL,,7791,Pave,NA,IR1,Lvl,AllPub,Inside,Gtl,Sawyer,RRAe,Norm,1Fam,1Story,5,8,1963,1995,Gable,CompShg,Plywood,Plywood,None,0,Gd,Gd,CBlock,TA,TA,No,ALQ,624,Unf,0,288,912,GasA,Ex,Y,SBrkr,912,0,0,912,1,0,1,0,3,1,Gd,6,Typ,0,NA,Attchd,1963,RFn,1,300,TA,TA,Y,0,0,0,0,0,0,NA,GdWo,NA,0,10,2009,WD ,Normal,129000,,,,,-0.9000069117
1343,0903231080,050,RM,52,6240,Pave,NA,Reg,Lvl,AllPub,Inside,Gtl,BrkSide,Norm,Norm,1Fam,1.5Fin,4,7,1929,1950,Gable,CompShg,MetalSd,MetalSd,None,0,TA,TA,PConc,TA,TA,No,BLQ,80,Unf,0,624,704,GasA,Ex,Y,SBrkr,624,512,0,1136,0,1,1,0,2,1,TA,6,Typ,0,NA,Detchd,1990,Unf,1,336,TA,TA,Y,0,365,80,0,0,0,NA,NA,NA,0,8,2008,WD ,Normal,123000,,,,,0.0737724837
318,0916386060,060,RL,73,9802,Pave,NA,Reg,Lvl,AllPub,Inside,Gtl,Timber,Norm,Norm,1Fam,2Story,5,5,2006,2007,Gable,CompShg,VinylSd,VinylSd,None,0,TA,TA,PConc,Gd,TA,No,Unf,0,Unf,0,384,384,GasA,Gd,Y,SBrkr,744,700,0,1444,0,0,2,1,3,1,TA,7,Typ,0,NA,BuiltIn,2007,Fin,2,400,TA,TA,Y,100,0,0,0,0,0,NA,NA,NA,0,4,2010,WD ,Normal,174000,,,,,1.4127191523
2026,0903425280,070,RL,60,8730,Pave,NA,Reg,Lvl,AllPub,Inside,Gtl,BrkSide,RRAn,Norm,1Fam,2Story,6,7,1915,2003,Gable,CompShg,Wd Sdng,Wd Sdng,None,0,TA,TA,BrkTil,TA,TA,No,Unf,0,Unf,0,698,698,GasA,Ex,Y,FuseA,698,698,0,1396,0,0,1,0,3,1,TA,7,Typ,0,NA,Detchd,2003,Unf,1,384,TA,TA,Y,0,0,0,0,259,0,NA,NA,NA,0,7,2007,WD ,Normal,153575,,,,,1.204052139
403,0527450280,160,RM,21,1680,Pave,NA,Reg,Lvl,AllPub,Inside,Gtl,BrDale,Norm,Norm,Twnhs,2Story,6,5,1973,1973,Gable,CompShg,HdBoard,HdBoard,BrkFace,504,TA,TA,CBlock,TA,TA,No,BLQ,254,Unf,0,229,483,GasA,TA,Y,SBrkr,483,504,0,987,1,0,1,1,2,1,TA,5,Typ,0,NA,Detchd,1973,Unf,1,264,TA,TA,Y,0,0,0,0,0,0,NA,NA,NA,0,7,2009,WD ,Normal,111000,,,,,-0.5739647034
54,0528228440,120,RL,43,3182,Pave,NA,Reg,Lvl,AllPub,Inside,Gtl,Blmngtn,Norm,Norm,TwnhsE,1Story,8,5,2004,2005,Gable,CompShg,VinylSd,VinylSd,BrkFace,16,Gd,TA,PConc,Gd,TA,No,GLQ,24,Unf,0,1232,1256,GasA,Ex,Y,SBrkr,1269,0,0,1269,0,0,2,0,2,1,Gd,6,Typ,1,TA,Attchd,2004,Fin,2,430,TA,TA,Y,146,20,0,0,144,0,NA,NA,NA,0,4,2010,WD ,Normal,192000,,,,,0.6519539997
1088,0528235180,080,RL,59,9587,Pave,NA,IR1,Lvl,AllPub,Inside,Gtl,Gilbert,Norm,Norm,1Fam,SLvl,7,5,2005,2005,Gable,CompShg,VinylSd,VinylSd,Stone,182,Gd,TA,PConc,Gd,TA,Gd,GLQ,655,Unf,0,201,856,GasA,Ex,Y,SBrkr,1166,0,0,1166,1,0,2,0,2,1,Gd,5,Typ,0,NA,Attchd,2005,Fin,2,400,TA,TA,Y,212,0,0,0,0,0,NA,NA,NA,0,7,2008,WD ,Normal,190000,,,,,0.204189367
2371,0527451450,160,RM,21,1680,Pave,NA,Reg,Lvl,AllPub,Inside,Gtl,BrDale,Norm,Norm,Twnhs,2Story,6,5,1972,1972,Gable,CompShg,HdBoard,HdBoard,BrkFace,504,TA,TA,CBlock,TA,TA,No,ALQ,276,Unf,0,207,483,GasA,TA,Y,SBrkr,483,465,0,948,0,0,1,1,2,1,TA,5,Typ,0,NA,Detchd,1972,Unf,1,264,TA,TA,Y,0,0,0,0,0,0,NA,NA,NA,0,7,2006,WD ,Normal,89000,,,,,-0.7435066517
2363,0527404180,020,RL,60,7200,Pave,NA,Reg,Lvl,AllPub,Inside,Gtl,NAmes,Norm,Norm,1Fam,1Story,4,4,1971,1971,Gable,CompShg,HdBoard,HdBoard,None,0,TA,TA,CBlock,TA,TA,No,Rec,20,LwQ,620,224,864,GasA,TA,Y,SBrkr,874,0,0,874,0,1,1,0,3,1,TA,5,Typ,0,NA,Detchd,1995,Unf,2,576,TA,TA,Y,63,0,0,0,0,0,NA,NA,NA,0,3,2006,WD ,Normal,97500,,,,,-1.0652016306
2027,0903426010,070,RM,,5700,Pave,NA,IR1,Lvl,AllPub,Corner,Gtl,OldTown,Feedr,Norm,1Fam,2Story,7,6,1929,1990,Gable,CompShg,Wd Sdng,Wd Shng,None,0,TA,TA,BrkTil,TA,TA,No,Rec,336,Unf,0,336,672,GasA,Gd,N,FuseA,672,672,0,1344,1,0,1,1,3,1,Gd,6,Typ,1,Gd,Attchd,1979,Unf,2,456,TA,TA,Y,0,0,70,0,0,0,NA,GdPrv,NA,0,9,2007,WD ,Normal,140000,,,,,0.9779962079
1379,0905103030,080,RL,80,13014,Pave,NA,Reg,Lvl,AllPub,Inside,Gtl,Sawyer,Norm,Norm,1Fam,SLvl,6,5,1978,1978,Gable,CompShg,HdBoard,Plywood,BrkFace,39,TA,TA,CBlock,TA,TA,Av,ALQ,528,Unf,0,480,1008,GasA,TA,Y,SBrkr,1096,0,0,1096,1,0,1,0,3,1,TA,6,Typ,1,Fa,Attchd,1978,Unf,2,484,TA,TA,Y,168,0,0,0,0,0,NA,NA,NA,0,12,2008,WD ,Normal,157500,,,,,-0.1001166941
1681,0527452100,120,RL,,4928,Pave,NA,IR1,Lvl,AllPub,Inside,Gtl,NPkVill,Norm,Norm,TwnhsE,1Story,6,5,1976,1976,Gable,CompShg,Plywood,Plywood,None,0,TA,TA,CBlock,Gd,TA,No,ALQ,120,Unf,0,958,1078,GasA,TA,Y,SBrkr,958,0,0,958,0,0,2,0,2,1,TA,5,Typ,1,TA,Attchd,1977,RFn,2,440,TA,TA,Y,0,205,0,0,0,0,NA,NA,NA,0,2,2007,WD ,Normal,128000,,,,,-0.7000343573
1209,0534400060,020,RL,100,10175,Pave,NA,IR1,Lvl,AllPub,Inside,Gtl,NAmes,Norm,Norm,1Fam,1Story,6,5,1964,1964,Gable,CompShg,HdBoard,Plywood,BrkFace,272,TA,TA,CBlock,TA,TA,No,BLQ,490,Unf,0,935,1425,GasA,Gd,Y,SBrkr,1425,0,0,1425,0,0,2,0,3,1,TA,7,Typ,1,Gd,Attchd,1964,RFn,2,576,TA,TA,Y,0,0,0,407,0,0,NA,NA,NA,0,7,2008,WD ,Normal,180500,,,,,1.3301217929
1680,0527451170,160,RM,24,1920,Pave,NA,Reg,Lvl,AllPub,Inside,Gtl,BrDale,Norm,Norm,TwnhsE,2Story,5,5,1971,1971,Gable,CompShg,HdBoard,HdBoard,BrkFace,376,TA,TA,CBlock,TA,TA,No,ALQ,471,Unf,0,294,765,GasA,Ex,Y,SBrkr,765,600,0,1365,1,0,1,1,2,1,TA,6,Min1,0,NA,Detchd,1971,Unf,2,440,TA,TA,Y,240,36,0,0,0,0,NA,NA,NA,0,8,2007,WD ,Normal,122500,,,,,1.0692880262
1340,0903228090,045,RM,50,5000,Pave,NA,Reg,Bnk,AllPub,Inside,Mod,BrkSide,Norm,Norm,1Fam,1.5Unf,6,7,1926,1950,Gable,CompShg,MetalSd,MetalSd,None,0,TA,TA,BrkTil,TA,TA,No,Unf,0,Unf,0,992,992,GasA,Ex,Y,SBrkr,1013,0,0,1013,0,0,1,0,3,1,TA,6,Typ,0,NA,Detchd,1926,Unf,1,160,Fa,TA,Y,0,0,101,0,0,0,NA,NA,NA,0,4,2008,WD ,Normal,113000,,,,,-0.4609367379
2806,0907401050,020,RL,70,8810,Pave,NA,Reg,Lvl,AllPub,Inside,Gtl,CollgCr,Norm,Norm,1Fam,1Story,7,5,2003,2003,Gable,CompShg,VinylSd,VinylSd,None,0,Gd,TA,PConc,Gd,TA,No,GLQ,1000,Unf,0,390,1390,GasA,Ex,Y,SBrkr,1390,0,0,1390,1,0,2,0,3,1,Gd,7,Typ,0,NA,Attchd,2003,RFn,2,545,TA,TA,Y,0,68,0,0,0,0,NA,NA,NA,0,3,2006,WD ,Normal,207000,,,,,1.1779687623
2924,0923250060,020,RL,80,17400,Pave,NA,Reg,Low,AllPub,Inside,Mod,Mitchel,Norm,Norm,1Fam,1Story,5,5,1977,1977,Gable,CompShg,BrkFace,BrkFace,None,0,TA,TA,CBlock,TA,TA,No,ALQ,936,Unf,0,190,1126,GasA,Fa,Y,SBrkr,1126,0,0,1126,1,0,2,0,3,1,TA,5,Typ,1,Gd,Attchd,1977,RFn,2,484,TA,TA,P,295,41,0,0,0,0,NA,NA,NA,0,5,2006,WD ,Normal,160000,,,,,0.0303001892
2014,0903231090,050,RM,,6240,Pave,NA,Reg,Lvl,AllPub,Inside,Gtl,BrkSide,Norm,Norm,1Fam,1.5Fin,6,5,1938,1950,Gable,CompShg,VinylSd,VinylSd,None,0,TA,TA,BrkTil,TA,TA,No,LwQ,52,Unf,0,809,861,GasA,Gd,Y,SBrkr,861,548,0,1409,1,0,1,1,3,1,TA,6,Typ,1,Gd,Detchd,1968,Unf,2,528,TA,TA,Y,225,0,84,0,0,0,NA,NA,NA,0,3,2007,WD ,Normal,126000,,,,,1.2605661218
88,0532377100,020,RL,75,7500,Pave,NA,Reg,Lvl,AllPub,Corner,Gtl,Sawyer,Feedr,Norm,1Fam,1Story,5,5,1963,1963,Gable,CompShg,HdBoard,HdBoard,None,0,TA,TA,CBlock,TA,TA,No,ALQ,824,Unf,0,216,1040,GasA,Fa,Y,SBrkr,1040,0,0,1040,1,0,1,1,3,1,TA,5,Typ,0,NA,Attchd,1963,Fin,1,308,TA,TA,Y,0,0,220,0,0,0,NA,MnPrv,NA,0,6,2010,WD ,Normal,133000,,,,,-0.3435615429
2248,0914452090,085,RL,,12150,Pave,NA,IR1,Bnk,AllPub,CulDSac,Gtl,Mitchel,Norm,Norm,1Fam,SFoyer,6,6,1979,1979,Gable,CompShg,HdBoard,Wd Shng,None,0,TA,TA,CBlock,Gd,TA,Av,GLQ,1001,Unf,0,0,1001,GasA,TA,Y,SBrkr,1299,0,0,1299,1,0,2,0,2,1,Gd,5,Typ,1,Po,BuiltIn,1979,RFn,2,486,TA,TA,Y,84,0,222,0,0,0,NA,MnPrv,NA,0,1,2007,WD ,Normal,183500,,,,,0.782370883
2744,0905475150,020,RL,57,6420,Pave,NA,IR1,Lvl,AllPub,Inside,Gtl,Edwards,Norm,Norm,1Fam,1Story,5,7,1952,1952,Gable,CompShg,Wd Sdng,Wd Sdng,None,0,TA,TA,PConc,Ex,Gd,Mn,LwQ,210,ALQ,551,219,980,GasA,Fa,Y,FuseA,1148,0,0,1148,0,1,1,0,2,1,TA,6,Typ,0,NA,Detchd,1952,Unf,1,308,TA,TA,Y,0,0,0,0,0,0,NA,NA,NA,0,9,2006,WD ,Normal,123500,,,,,0.125939237
420,0527455280,020,RL,,10710,Pave,NA,Reg,Lvl,AllPub,Inside,Gtl,NAmes,Norm,Norm,1Fam,1Story,5,7,1966,2004,Hip,CompShg,HdBoard,HdBoard,BrkFace,165,Gd,TA,PConc,TA,TA,No,BLQ,644,Unf,0,220,864,GasA,Ex,Y,SBrkr,1120,0,0,1120,0,1,1,0,3,1,TA,5,Typ,1,TA,Attchd,1966,RFn,2,656,TA,TA,Y,0,162,0,0,0,0,NA,NA,Shed,1200,7,2009,WD ,Normal,148800,,,,,0.0042168126
1939,0535327160,020,RL,70,8400,Pave,NA,Reg,Lvl,AllPub,Corner,Gtl,NAmes,Norm,Norm,1Fam,1Story,5,5,1955,1955,Gable,CompShg,MetalSd,MetalSd,None,0,TA,Gd,CBlock,TA,TA,No,BLQ,793,Unf,0,130,923,GasA,TA,Y,SBrkr,925,0,0,925,1,0,1,0,3,1,TA,5,Typ,2,TA,Attchd,1955,Unf,1,390,TA,TA,Y,81,0,0,0,0,0,NA,GdWo,NA,0,3,2007,WD ,Normal,116900,,,,,-0.8434929289
1634,0527184020,120,RL,38,4740,Pave,NA,IR1,Lvl,AllPub,Inside,Gtl,StoneBr,Norm,Norm,TwnhsE,1Story,8,5,1988,1988,Gable,CompShg,CemntBd,CmentBd,None,0,Gd,TA,CBlock,Gd,TA,Gd,GLQ,248,Unf,0,918,1166,GasA,Gd,Y,SBrkr,1179,0,0,1179,1,0,2,0,2,1,TA,5,Typ,0,NA,Attchd,1988,RFn,2,480,TA,TA,Y,0,108,0,0,135,0,NA,NA,NA,0,10,2007,WD ,Normal,182000,,,,,0.2607033497
1194,0534202130,020,RL,72,8872,Pave,NA,Reg,Lvl,AllPub,Corner,Gtl,NAmes,Norm,Norm,1Fam,1Story,5,8,1965,2008,Gable,CompShg,VinylSd,VinylSd,BrkFace,300,TA,TA,CBlock,TA,TA,No,ALQ,595,Unf,0,317,912,GasA,Ex,Y,SBrkr,912,0,0,912,1,0,1,0,2,1,Gd,5,Typ,0,NA,Detchd,1992,Unf,2,576,TA,TA,Y,0,240,0,0,0,0,NA,NA,NA,0,12,2008,WD ,Normal,147000,,,,,-0.9000069117
462,0528186180,120,RL,48,6240,Pave,NA,Reg,Lvl,AllPub,Inside,Gtl,NridgHt,Norm,Norm,TwnhsE,1Story,8,5,2006,2006,Hip,CompShg,MetalSd,MetalSd,BrkFace,176,Gd,TA,PConc,Gd,TA,No,GLQ,863,Unf,0,461,1324,GasA,Ex,Y,SBrkr,1324,0,0,1324,1,0,2,0,2,1,Gd,6,Typ,1,Gd,Attchd,2006,Fin,2,550,TA,TA,Y,192,38,0,0,0,0,NA,NA,NA,0,12,2009,WD ,Normal,254000,,,,,0.8910516191
2067,0905226050,030,RL,,25339,Pave,NA,Reg,Lvl,AllPub,Inside,Gtl,Sawyer,Norm,Norm,1Fam,1Story,5,7,1918,2007,Gable,CompShg,Wd Sdng,Wd Sdng,None,0,TA,Gd,BrkTil,TA,TA,No,Unf,0,Unf,0,816,816,GasA,Ex,Y,SBrkr,1416,0,0,1416,0,0,2,0,3,1,Gd,7,Typ,0,NA,Attchd,2007,Unf,2,576,TA,TA,N,0,0,112,0,0,0,NA,NA,NA,0,8,2007,WD ,Normal,112000,,,,,1.2909967279
721,0902331010,030,C (all),,3300,Pave,NA,Reg,Lvl,AllPub,Inside,Gtl,OldTown,Norm,Norm,1Fam,1Story,4,3,1910,1950,Gable,CompShg,Stucco,Stucco,None,0,TA,TA,BrkTil,TA,TA,No,Unf,0,Unf,0,624,624,GasA,Ex,Y,SBrkr,816,0,0,816,0,0,1,0,2,1,TA,5,Typ,1,Gd,NA,,NA,0,0,NA,NA,N,0,33,0,0,0,0,NA,NA,NA,0,6,2009,WD ,Normal,58500,,,,,-1.3173409383
596,0534226120,020,RL,70,9100,Pave,NA,Reg,Lvl,AllPub,Inside,Gtl,NAmes,Norm,Norm,1Fam,1Story,5,6,1965,1965,Gable,CompShg,VinylSd,VinylSd,None,0,TA,TA,CBlock,TA,TA,No,BLQ,338,Rec,466,121,925,GasA,Ex,Y,SBrkr,925,0,0,925,0,1,1,0,2,1,TA,5,Typ,0,NA,Detchd,1965,Unf,1,429,TA,TA,Y,0,0,0,0,0,0,NA,GdWo,NA,0,7,2009,WD ,Normal,117500,,,,,-0.8434929289
143,0535152250,020,RL,70,8400,Pave,NA,Reg,Lvl,AllPub,Inside,Gtl,NAmes,Norm,Norm,1Fam,1Story,5,6,1957,1957,Gable,CompShg,MetalSd,MetalSd,None,0,TA,Gd,CBlock,TA,TA,No,Rec,922,Unf,0,392,1314,GasA,TA,Y,SBrkr,1314,0,0,1314,1,0,1,0,3,1,TA,5,Typ,0,NA,Attchd,1957,RFn,1,294,TA,TA,Y,250,0,0,0,0,0,NA,NA,NA,0,6,2010,WD ,Normal,145000,,,,,0.8475793246
224,0905106140,060,RL,80,9364,Pave,NA,Reg,Lvl,AllPub,Corner,Gtl,Sawyer,Norm,Norm,1Fam,2Story,6,7,1969,1969,Gable,CompShg,HdBoard,HdBoard,Stone,143,TA,TA,CBlock,TA,TA,No,ALQ,371,Unf,0,292,663,GasA,TA,Y,SBrkr,663,689,0,1352,0,0,1,1,4,1,TA,7,Typ,0,NA,Attchd,1969,Fin,1,299,TA,TA,Y,379,36,0,0,0,0,NA,MnPrv,NA,0,3,2010,WD ,Normal,158000,,,,,1.0127740435
1808,0531363040,020,RL,63,7500,Pave,NA,Reg,Lvl,AllPub,Inside,Gtl,SawyerW,Norm,Norm,1Fam,1Story,7,5,2006,2006,Gable,CompShg,VinylSd,VinylSd,None,0,Gd,TA,PConc,Gd,Gd,No,Unf,0,Unf,0,1143,1143,GasA,Ex,Y,SBrkr,1143,0,0,1143,0,0,1,1,3,1,Gd,5,Typ,0,NA,NA,,NA,0,0,NA,NA,Y,0,55,0,0,0,0,NA,NA,NA,0,10,2007,WD ,Normal,147000,,,,,0.1042030898
2050,0905100080,085,RL,75,11235,Pave,NA,Reg,Lvl,AllPub,Inside,Gtl,Sawyer,Norm,Norm,1Fam,SFoyer,5,5,1964,1980,Gable,CompShg,HdBoard,HdBoard,BrkFace,30,TA,TA,CBlock,Gd,TA,Av,BLQ,785,Unf,0,635,1420,GasA,Gd,Y,SBrkr,1452,0,0,1452,1,0,1,0,2,1,TA,6,Min2,1,TA,Detchd,1964,Unf,2,572,TA,TA,Y,92,0,88,0,0,0,NA,NA,NA,0,11,2007,WD ,Normal,158450,,,,,1.4474969878
1919,0535151110,020,RL,60,8250,Pave,NA,Reg,Lvl,AllPub,Corner,Gtl,NAmes,Norm,Norm,1Fam,1Story,5,7,1963,1963,Gable,CompShg,MetalSd,MetalSd,None,0,TA,TA,CBlock,TA,TA,No,ALQ,288,Unf,0,765,1053,GasA,Gd,Y,SBrkr,1053,0,0,1053,1,0,1,0,3,1,Gd,6,Typ,0,NA,2Types,1994,RFn,2,692,TA,TA,Y,240,0,0,0,109,0,NA,NA,NA,0,7,2007,WD ,Normal,142100,,,,,-0.2870475602
2225,0909428340,020,RL,,21579,Pave,NA,IR1,Lvl,AllPub,CulDSac,Gtl,Crawfor,Norm,Norm,1Fam,1Story,6,6,1968,1968,Hip,CompShg,HdBoard,BrkFace,None,0,TA,TA,PConc,Gd,TA,No,BLQ,813,Unf,0,675,1488,GasA,Ex,Y,SBrkr,1488,0,0,1488,0,1,2,0,3,1,TA,7,Typ,2,Gd,Attchd,1968,RFn,2,552,TA,TA,Y,0,0,216,0,0,0,NA,NA,NA,0,9,2007,CWD,Normal,215000,,,,,1.6039972478
2490,0532353180,080,RL,88,8471,Pave,NA,IR1,Lvl,AllPub,Corner,Gtl,Sawyer,Norm,Norm,1Fam,SLvl,6,7,1977,1995,Gable,CompShg,HdBoard,Plywood,BrkFace,46,TA,TA,CBlock,Gd,Gd,Av,ALQ,506,Unf,0,0,506,GasA,TA,Y,SBrkr,1212,0,0,1212,1,0,1,0,3,1,TA,6,Typ,1,TA,Attchd,1978,Unf,2,492,TA,TA,Y,292,12,0,0,0,0,NA,GdWo,NA,0,7,2006,WD ,Normal,151000,,,,,0.4041619214
1904,0534451020,050,RL,51,3500,Pave,NA,Reg,Lvl,AllPub,Inside,Gtl,BrkSide,Feedr,Norm,1Fam,1.5Fin,3,5,1945,1950,Gable,CompShg,MetalSd,MetalSd,None,0,TA,TA,CBlock,TA,TA,No,LwQ,144,Unf,0,226,370,GasA,TA,N,FuseA,442,228,0,670,1,0,1,0,2,1,Fa,4,Typ,0,NA,NA,,NA,0,0,NA,NA,N,0,21,0,0,0,0,NA,MnPrv,Shed,2000,7,2007,WD ,Normal,64000,,,,,-1.9520364371
1887,0534276290,020,RL,,8339,Pave,NA,IR1,Lvl,AllPub,Inside,Gtl,NAmes,Norm,Norm,1Fam,1Story,5,7,1959,1959,Gable,CompShg,MetalSd,MetalSd,None,0,TA,TA,Slab,NA,NA,NA,NA,0,NA,0,0,0,GasA,TA,Y,SBrkr,882,0,0,882,0,0,1,0,3,1,TA,5,Typ,0,NA,Attchd,1959,RFn,1,294,TA,TA,Y,0,0,0,0,0,0,NA,MnPrv,Shed,1200,7,2007,WD ,Normal,106500,,,,,-1.030423795
660,0535378120,030,RL,60,10230,Pave,Grvl,Reg,Lvl,AllPub,Inside,Gtl,OldTown,Norm,Norm,1Fam,1Story,5,7,1925,1950,Gable,CompShg,MetalSd,MetalSd,None,0,TA,TA,BrkTil,TA,TA,No,Unf,0,Unf,0,1054,1054,GasA,Ex,Y,SBrkr,1078,0,0,1078,0,0,1,0,3,1,Ex,6,Typ,0,NA,Detchd,1987,Unf,1,264,TA,TA,N,0,0,0,0,112,0,NA,GdWo,NA,0,12,2009,WD ,Normal,125000,,,,,-0.1783668241
2305,0923425030,020,RL,62,10447,Pave,NA,Reg,Lvl,AllPub,Inside,Gtl,Mitchel,Norm,Norm,1Fam,1Story,5,6,1984,1984,Gable,CompShg,Plywood,HdBoard,None,0,TA,TA,CBlock,TA,TA,No,ALQ,516,Unf,0,348,864,GasA,TA,Y,SBrkr,887,0,0,887,0,1,1,0,3,1,TA,5,Typ,0,NA,Attchd,1984,RFn,1,288,TA,TA,Y,140,0,0,0,0,0,NA,NA,NA,0,12,2007,WD ,Normal,124500,,,,,-1.0086876478
155,0535327140,020,RL,60,7200,Pave,NA,Reg,Lvl,AllPub,Inside,Gtl,NAmes,Norm,Norm,1Fam,1Story,5,7,1955,2007,Gable,CompShg,VinylSd,VinylSd,None,0,TA,TA,Slab,NA,NA,NA,NA,0,NA,0,0,0,GasA,Ex,Y,SBrkr,827,0,0,827,0,0,1,0,2,1,TA,5,Mod,1,Po,Detchd,1967,Unf,1,392,TA,TA,Y,0,0,0,0,0,0,NA,NA,NA,0,4,2010,WD ,Normal,107500,,,,,-1.2695214144
2268,0916455050,020,RL,,6718,Pave,NA,IR1,Lvl,AllPub,Inside,Gtl,Timber,Norm,Norm,1Fam,1Story,8,5,2001,2001,Gable,CompShg,VinylSd,VinylSd,BrkFace,86,Gd,TA,PConc,Ex,TA,Mn,GLQ,250,Unf,0,1017,1267,GasA,Ex,Y,SBrkr,1312,0,0,1312,0,0,2,0,2,1,Gd,5,Typ,0,NA,Attchd,2001,Unf,2,471,TA,TA,Y,256,28,0,0,0,0,NA,NA,NA,0,1,2007,WD ,Normal,180500,,,,,0.8388848657
274,0908102060,030,RL,67,8777,Pave,NA,Reg,Lvl,AllPub,Inside,Mod,Edwards,Feedr,Norm,1Fam,1Story,3,6,1945,2007,Gable,CompShg,VinylSd,VinylSd,None,0,TA,Gd,CBlock,NA,NA,NA,NA,0,NA,0,0,0,GasA,TA,N,SBrkr,640,0,0,640,0,0,1,0,2,1,TA,5,Min1,0,NA,Detchd,1945,Unf,1,240,TA,TA,N,0,0,0,0,0,0,NA,NA,NA,0,4,2010,ConLD,Normal,84900,,,,,-2.0824533204
453,0528174060,120,RL,34,5381,Pave,NA,IR1,Lvl,AllPub,Inside,Gtl,NridgHt,Norm,Norm,Twnhs,1Story,6,5,2005,2005,Gable,CompShg,VinylSd,VinylSd,Stone,135,Gd,TA,PConc,Gd,TA,Av,ALQ,900,Unf,0,406,1306,GasA,Ex,Y,SBrkr,1306,0,0,1306,1,0,2,0,1,1,Gd,5,Typ,1,Gd,Attchd,2005,RFn,2,624,TA,TA,Y,170,63,0,0,0,0,NA,NA,NA,0,8,2009,WD ,Normal,196000,,,,,0.8128014891
951,0914475010,085,RL,75,9750,Pave,NA,Reg,Lvl,AllPub,Inside,Gtl,Mitchel,Norm,Norm,1Fam,SFoyer,6,6,1977,1977,Gable,CompShg,Plywood,Plywood,None,0,TA,TA,CBlock,TA,TA,Av,ALQ,767,Unf,0,135,902,GasA,Ex,Y,SBrkr,926,0,0,926,1,0,1,0,2,1,TA,5,Typ,1,TA,Attchd,1977,Unf,1,351,TA,TA,Y,319,0,0,0,0,0,NA,MnPrv,NA,0,4,2009,WD ,Normal,156450,,,,,-0.8391456995
1152,0532354150,020,RL,75,8100,Pave,NA,Reg,Lvl,AllPub,Inside,Gtl,Sawyer,Feedr,Norm,1Fam,1Story,5,8,1961,2007,Gable,CompShg,Wd Sdng,Wd Sdng,None,0,TA,Gd,CBlock,TA,TA,No,ALQ,764,Unf,0,100,864,GasA,Ex,Y,SBrkr,864,0,0,864,1,0,1,0,3,1,Gd,5,Typ,1,TA,Detchd,1962,Unf,1,420,TA,TA,Y,132,0,0,0,0,0,NA,NA,NA,0,7,2008,WD ,Normal,135000,,,,,-1.108673925
1149,0531452140,120,RL,55,7892,Pave,NA,Reg,Lvl,AllPub,Inside,Gtl,SawyerW,Norm,Norm,TwnhsE,1Story,6,5,1993,1993,Gable,CompShg,Plywood,Plywood,None,0,Gd,TA,PConc,Gd,TA,No,GLQ,300,Unf,0,899,1199,GasA,Ex,Y,SBrkr,1199,0,0,1199,0,0,2,0,2,1,Gd,5,Typ,0,NA,Attchd,1993,RFn,2,530,TA,TA,Y,0,63,0,0,0,0,NA,NA,NA,0,3,2008,WD ,Normal,153900,,,,,0.3476479386
1942,0535353130,020,RL,,15783,Pave,NA,Reg,Lvl,AllPub,Inside,Gtl,OldTown,Artery,Norm,1Fam,1Story,5,5,1952,1952,Gable,CompShg,Wd Sdng,Wd Sdng,None,0,TA,TA,CBlock,TA,TA,No,Rec,292,Unf,0,632,924,GasA,TA,Y,SBrkr,924,0,0,924,0,0,1,0,2,1,TA,6,Typ,0,NA,Detchd,1952,Unf,1,420,TA,TA,Y,0,324,0,0,0,0,NA,MnPrv,Shed,400,6,2007,WD ,Normal,112500,,,,,-0.8478401584
336,0923276030,020,RL,76,12887,Pave,NA,Reg,Lvl,AllPub,Inside,Gtl,Mitchel,Norm,Norm,1Fam,1Story,5,7,1984,1984,Gable,CompShg,VinylSd,VinylSd,None,0,TA,TA,CBlock,Gd,TA,Mn,Rec,207,GLQ,590,36,833,GasA,TA,Y,SBrkr,833,0,0,833,1,0,1,0,2,1,Gd,5,Typ,0,NA,Attchd,1984,Unf,2,495,TA,TA,Y,431,0,0,0,0,0,NA,MnPrv,NA,0,4,2010,WD ,Normal,149900,,,,,-1.2434380378
1304,0902205090,020,RM,50,6000,Pave,NA,Reg,Lvl,AllPub,Inside,Gtl,OldTown,Norm,Norm,1Fam,1Story,5,6,1957,1957,Hip,CompShg,BrkFace,BrkFace,None,0,TA,TA,CBlock,TA,TA,No,Rec,308,Unf,0,620,928,GasA,Gd,Y,FuseA,928,0,0,928,0,0,1,0,3,1,TA,5,Typ,0,NA,Attchd,1957,Fin,1,288,TA,TA,Y,0,0,0,0,0,0,NA,NA,NA,0,6,2008,WD ,Normal,112500,,,,,-0.8304512406
2623,0535451210,020,RL,60,7200,Pave,NA,Reg,Lvl,AllPub,Inside,Gtl,NAmes,Norm,Norm,1Fam,1Story,4,5,1950,1950,Gable,CompShg,BrkFace,Wd Sdng,None,0,TA,TA,Slab,NA,NA,NA,NA,0,NA,0,0,0,GasA,TA,Y,FuseA,1040,0,0,1040,0,0,1,0,2,1,TA,4,Typ,0,NA,Detchd,1950,Unf,2,420,TA,TA,Y,0,29,0,0,0,0,NA,NA,NA,0,7,2006,WD ,Normal,109900,,,,,-0.3435615429
2844,0909101330,030,RL,60,8088,Pave,Grvl,Reg,Lvl,AllPub,Inside,Gtl,Edwards,Feedr,Norm,1Fam,1Story,2,3,1922,1955,Gable,CompShg,MetalSd,MetalSd,None,0,TA,TA,BrkTil,TA,TA,No,Unf,0,Unf,0,498,498,GasA,TA,N,FuseF,498,0,0,498,0,0,1,0,1,1,TA,3,Typ,0,NA,Detchd,1922,Unf,1,216,Fa,Fa,N,0,0,100,0,0,0,NA,NA,NA,0,2,2006,ConLD,Normal,35000,,,,,-2.6997599014
418,0527455090,120,RL,24,2104,Pave,NA,Reg,Lvl,AllPub,Inside,Gtl,NPkVill,Norm,Norm,TwnhsE,1Story,7,6,1976,1976,Gable,CompShg,Plywood,Brk Cmn,None,0,TA,TA,CBlock,TA,TA,No,ALQ,536,Unf,0,300,836,GasA,TA,Y,SBrkr,836,0,0,836,0,1,1,0,2,1,TA,5,Typ,0,NA,Attchd,1976,Unf,1,345,TA,TA,Y,150,20,0,0,0,0,NA,NA,NA,0,10,2009,WD ,Normal,128500,,,,,-1.2303963494
1040,0527450110,160,RM,21,1680,Pave,NA,Reg,Lvl,AllPub,Inside,Gtl,BrDale,Norm,Norm,Twnhs,2Story,6,5,1973,1973,Gable,CompShg,HdBoard,HdBoard,BrkFace,359,TA,TA,CBlock,TA,TA,No,LwQ,458,Unf,0,25,483,GasA,TA,Y,SBrkr,483,504,0,987,0,1,1,1,2,1,TA,5,Typ,0,NA,Detchd,1973,Unf,1,264,TA,TA,Y,52,0,0,0,0,0,NA,NA,NA,0,2,2008,WD ,Normal,103400,,,,,-0.5739647034
697,0902105050,050,RM,90,15660,Pave,NA,Reg,Lvl,AllPub,Inside,Gtl,OldTown,Norm,Norm,1Fam,1.5Fin,5,8,1910,2003,Gable,CompShg,VinylSd,VinylSd,None,0,TA,Gd,CBlock,TA,TA,No,Unf,0,Unf,0,240,240,GasA,TA,Y,SBrkr,810,496,0,1306,0,0,1,1,3,1,Gd,6,Typ,0,NA,Detchd,1959,Unf,2,472,Fa,TA,N,0,0,0,0,0,0,NA,MnPrv,NA,0,7,2009,WD ,Normal,130000,,,,,0.8128014891
96,0533210060,160,FV,30,3215,Pave,Pave,Reg,Lvl,AllPub,Inside,Gtl,Somerst,Norm,Norm,TwnhsE,2Story,7,5,2004,2004,Gable,CompShg,MetalSd,MetalSd,BrkFace,120,Gd,TA,PConc,Gd,TA,Av,GLQ,280,Unf,0,320,600,GasA,Ex,Y,SBrkr,600,600,0,1200,0,0,2,1,2,1,Gd,4,Typ,0,NA,Detchd,2004,RFn,2,480,TA,TA,Y,0,172,0,0,0,0,NA,NA,NA,0,4,2010,ConLD,Normal,155000,,,,,0.351995168
2091,0906201022,020,RL,114,10357,Pave,NA,IR1,Lvl,AllPub,Corner,Gtl,SawyerW,Feedr,Norm,1Fam,1Story,7,5,1990,1991,Hip,CompShg,HdBoard,HdBoard,None,0,Gd,TA,PConc,Gd,TA,Mn,GLQ,738,Unf,0,172,910,GasA,Gd,Y,SBrkr,1442,0,0,1442,1,0,2,0,3,1,Gd,6,Typ,1,TA,Attchd,1990,Fin,2,719,TA,TA,Y,0,244,0,0,0,0,NA,NA,NA,0,5,2007,WD ,Normal,179900,,,,,1.4040246934
1779,0528429110,020,RL,49,15256,Pave,NA,IR1,Lvl,AllPub,CulDSac,Gtl,Somerst,RRAn,Norm,1Fam,1Story,8,5,2007,2007,Gable,CompShg,VinylSd,VinylSd,Stone,84,Gd,TA,PConc,Gd,TA,Gd,GLQ,929,Unf,0,556,1485,GasA,Ex,Y,SBrkr,1464,0,0,1464,1,0,2,0,3,1,Gd,6,Typ,0,NA,Attchd,2007,Unf,3,754,TA,TA,Y,168,160,0,0,0,0,NA,NA,NA,0,8,2007,WD ,Normal,282922,,,,,1.4996637412
1979,0902110010,030,RM,56,3153,Pave,Grvl,Reg,Lvl,AllPub,Inside,Gtl,OldTown,Norm,Norm,1Fam,1Story,5,6,1920,1990,Gable,CompShg,MetalSd,MetalSd,None,0,TA,TA,BrkTil,TA,TA,No,Unf,0,Unf,0,967,967,GasA,Gd,Y,SBrkr,967,0,0,967,0,0,1,0,2,1,TA,5,Typ,1,Gd,Detchd,1920,Unf,1,180,Fa,TA,N,0,0,26,0,0,0,NA,NA,NA,0,7,2007,WD ,Normal,99900,,,,,-0.6609092923
2017,0903233030,050,RM,51,6120,Pave,NA,Reg,Lvl,AllPub,Inside,Gtl,BrkSide,Norm,Norm,1Fam,1.5Fin,5,6,1926,1950,Gable,CompShg,Wd Sdng,Wd Sdng,None,0,TA,TA,BrkTil,TA,TA,No,ALQ,351,Unf,0,405,756,GasA,Gd,Y,FuseA,903,378,0,1281,1,0,1,0,2,1,Gd,6,Typ,0,NA,Detchd,1926,Unf,2,379,TA,TA,Y,25,0,0,0,0,0,NA,NA,NA,0,8,2007,WD ,Normal,132500,,,,,0.704120753
2914,0923226180,180,RM,21,1470,Pave,NA,Reg,Lvl,AllPub,Inside,Gtl,MeadowV,Norm,Norm,Twnhs,SFoyer,4,6,1970,1970,Gable,CompShg,CemntBd,CmentBd,None,0,TA,TA,CBlock,Gd,TA,Av,GLQ,522,Unf,0,108,630,GasA,TA,Y,SBrkr,630,0,0,630,1,0,1,0,1,1,TA,3,Typ,0,NA,NA,,NA,0,0,NA,NA,Y,0,0,0,0,0,0,NA,NA,NA,0,4,2006,WD ,Normal,73000,,,,,-2.1259256148
739,0903228120,045,RM,50,6000,Pave,NA,Reg,Lvl,AllPub,Inside,Gtl,BrkSide,Norm,Norm,1Fam,1.5Unf,6,7,1926,2004,Gable,CompShg,Wd Sdng,Wd Sdng,None,0,Gd,TA,PConc,TA,TA,No,Unf,0,Unf,0,884,884,GasA,Gd,Y,SBrkr,904,0,0,904,0,0,1,0,2,1,TA,4,Typ,0,NA,Detchd,1926,Unf,1,180,TA,TA,Y,0,0,105,0,0,0,NA,NA,NA,0,1,2009,WD ,Normal,119000,,,,,-0.9347847473
1255,0535375140,020,RL,60,10122,Pave,NA,Reg,Lvl,AllPub,Inside,Gtl,OldTown,Norm,Norm,1Fam,1Story,4,6,1948,1950,Gable,CompShg,MetalSd,MetalSd,None,0,TA,TA,Slab,NA,NA,NA,NA,0,NA,0,0,0,GasA,TA,N,SBrkr,869,0,0,869,0,0,1,0,1,1,TA,3,Typ,0,NA,Detchd,1948,Unf,1,390,Fa,TA,N,0,0,66,0,0,0,NA,GdPrv,NA,0,8,2008,WD ,Normal,89900,,,,,-1.0869377778
1219,0534428100,020,RL,,11332,Pave,NA,IR1,Lvl,AllPub,Corner,Gtl,NAmes,Norm,Norm,1Fam,1Story,5,7,1960,2000,Gable,CompShg,Wd Sdng,Wd Sdng,None,0,TA,TA,CBlock,TA,TA,No,BLQ,528,Unf,0,590,1118,GasA,Ex,Y,SBrkr,1118,0,0,1118,1,0,1,0,3,1,Gd,6,Typ,0,NA,Attchd,1960,RFn,1,264,TA,TA,Y,290,0,0,0,0,0,NA,MnPrv,NA,0,8,2008,WD ,Normal,153000,,,,,-0.0044776463
1684,0527455250,020,RL,65,7150,Pave,NA,Reg,Lvl,AllPub,Inside,Gtl,NAmes,Norm,Norm,1Fam,1Story,5,6,1966,1966,Hip,CompShg,HdBoard,HdBoard,BrkFace,52,TA,TA,CBlock,TA,TA,No,BLQ,725,Unf,0,263,988,GasA,TA,Y,SBrkr,988,0,0,988,1,0,1,0,3,1,TA,5,Typ,0,NA,Detchd,1974,Unf,1,360,TA,TA,Y,0,0,0,0,0,0,NA,NA,NA,0,11,2007,WD ,Normal,129250,,,,,-0.569617474
535,0531363030,020,RL,63,7500,Pave,NA,Reg,Lvl,AllPub,Inside,Gtl,SawyerW,Norm,Norm,1Fam,1Story,7,5,2006,2006,Gable,CompShg,VinylSd,VinylSd,None,0,Gd,TA,PConc,Gd,Gd,No,GLQ,54,Unf,0,1087,1141,GasA,Ex,Y,SBrkr,1141,0,0,1141,1,0,1,1,3,1,Gd,6,Typ,0,NA,Detchd,2006,RFn,2,484,TA,TA,Y,182,0,0,0,0,0,NA,NA,NA,0,6,2009,WD ,Normal,152000,,,,,0.0955086309
664,0535383070,050,RL,90,5400,Pave,NA,Reg,Lvl,AllPub,Corner,Gtl,OldTown,Artery,Norm,1Fam,1.5Fin,4,6,1920,1950,Gable,CompShg,CBlock,CBlock,None,0,Fa,TA,PConc,TA,TA,No,ALQ,315,Rec,105,420,840,GasA,Ex,Y,SBrkr,840,534,0,1374,0,0,1,0,2,1,TA,6,Typ,0,NA,Detchd,1967,Fin,1,338,TA,TA,Y,0,0,198,0,0,0,NA,NA,NA,0,10,2009,WD ,Normal,105000,,,,,1.1084130912
1940,0535327200,020,RL,70,13300,Pave,NA,Reg,Lvl,AllPub,Inside,Gtl,NAmes,Norm,Norm,1Fam,1Story,5,7,1956,2000,Hip,CompShg,Wd Sdng,Wd Sdng,None,0,TA,TA,CBlock,Gd,TA,No,Rec,377,Unf,0,551,928,GasA,TA,Y,SBrkr,928,0,0,928,0,0,1,0,2,1,TA,4,Typ,0,NA,Attchd,1956,Unf,1,252,TA,TA,Y,261,0,156,0,0,0,NA,NA,NA,0,6,2007,WD ,Normal,132000,,,,,-0.8304512406
972,0923203110,120,RM,32,4500,Pave,NA,Reg,Lvl,AllPub,FR2,Gtl,Mitchel,Norm,Norm,TwnhsE,1Story,6,5,1998,1998,Hip,CompShg,VinylSd,VinylSd,BrkFace,320,TA,TA,PConc,Ex,TA,No,GLQ,866,Unf,0,338,1204,GasA,Ex,Y,SBrkr,1204,0,0,1204,1,0,2,0,2,1,TA,5,Typ,0,NA,Attchd,1998,Fin,2,412,TA,TA,Y,0,247,0,0,0,0,NA,NA,NA,0,6,2009,WD ,Normal,162000,,,,,0.3693840858
599,0534252240,020,RL,,9790,Pave,NA,Reg,Lvl,AllPub,Inside,Gtl,NWAmes,Feedr,Norm,1Fam,1Story,6,5,1967,1967,Gable,CompShg,BrkFace,Wd Sdng,None,0,TA,TA,CBlock,TA,TA,No,Rec,251,LwQ,630,491,1372,GasA,TA,Y,SBrkr,1342,0,0,1342,0,0,2,0,3,1,TA,7,Typ,1,Gd,Attchd,1967,Unf,2,457,TA,TA,Y,0,0,0,0,197,0,NA,NA,NA,0,9,2009,WD ,Normal,161500,,,,,0.969301749
873,0907280170,020,RL,70,8750,Pave,NA,Reg,Lvl,AllPub,Inside,Gtl,CollgCr,Norm,Norm,1Fam,1Story,7,5,1997,1998,Gable,CompShg,VinylSd,VinylSd,BrkFace,209,Gd,TA,PConc,Gd,TA,Av,GLQ,1111,Unf,0,306,1417,GasA,Ex,Y,SBrkr,1417,0,0,1417,1,0,2,0,3,1,Gd,7,Typ,1,TA,Attchd,1997,Unf,2,511,TA,TA,Y,60,0,0,0,117,0,NA,NA,NA,0,8,2009,WD ,Normal,210000,,,,,1.2953439573
1964,0535453080,020,RL,,7500,Pave,NA,Reg,Lvl,AllPub,Inside,Gtl,NAmes,Norm,Norm,1Fam,1Story,5,7,1959,2003,Hip,CompShg,BrkFace,BrkFace,None,0,TA,TA,CBlock,TA,TA,No,GLQ,574,Unf,0,466,1040,GasA,Ex,Y,SBrkr,1040,0,0,1040,1,0,1,0,3,1,Gd,6,Typ,0,NA,Attchd,1959,RFn,1,286,TA,TA,Y,0,0,0,0,0,0,NA,NA,Shed,0,7,2007,WD ,Normal,152000,,,,,-0.3435615429
2136,0907200190,080,RL,59,8660,Pave,NA,IR1,Lvl,AllPub,Inside,Gtl,CollgCr,Norm,Norm,1Fam,SLvl,5,5,1976,1976,Gable,CompShg,VinylSd,VinylSd,BrkFace,113,TA,Gd,CBlock,Gd,TA,Av,GLQ,502,Unf,0,513,1015,GasA,TA,Y,SBrkr,1025,0,0,1025,0,0,2,0,3,1,TA,6,Typ,1,Fa,Detchd,1979,Unf,2,370,TA,TA,Y,127,0,0,0,0,0,NA,NA,NA,0,7,2007,WD ,Normal,153500,,,,,-0.4087699846
1434,0907135260,020,RL,57,9245,Pave,NA,IR2,Lvl,AllPub,Inside,Gtl,CollgCr,Norm,Norm,1Fam,1Story,5,5,1994,1995,Gable,CompShg,VinylSd,VinylSd,None,0,TA,TA,PConc,Gd,TA,No,GLQ,686,Unf,0,304,990,GasA,Ex,Y,SBrkr,990,0,0,990,0,1,1,0,3,1,TA,5,Typ,0,NA,Detchd,1996,Unf,2,672,TA,TA,Y,0,0,0,0,0,0,NA,NA,NA,0,2,2008,WD ,Normal,145000,,,,,-0.5609230151
2043,0903476100,045,RM,55,4388,Pave,NA,IR1,Bnk,AllPub,Inside,Gtl,OldTown,Feedr,Norm,1Fam,1.5Unf,5,7,1930,1950,Gable,CompShg,WdShing,Wd Sdng,None,0,TA,Gd,BrkTil,TA,TA,No,LwQ,116,Unf,0,556,672,GasA,Ex,Y,SBrkr,840,0,0,840,0,0,1,0,3,1,TA,5,Typ,1,TA,NA,,NA,0,0,NA,NA,N,0,0,0,0,0,0,NA,NA,NA,0,6,2007,WD ,Normal,87000,,,,,-1.2130074316
1233,0535105090,080,RL,101,9150,Pave,NA,IR1,Lvl,AllPub,Corner,Gtl,NAmes,Norm,Norm,1Fam,SLvl,6,5,1962,1962,Gable,Tar&Grv,Plywood,Plywood,BrkFace,305,TA,TA,CBlock,Gd,TA,Gd,GLQ,371,Unf,0,728,1099,GasA,Gd,Y,SBrkr,1431,0,0,1431,0,1,1,0,3,1,TA,6,Typ,1,Gd,Basment,1962,RFn,1,296,TA,TA,Y,64,110,0,0,0,0,NA,NA,NA,0,12,2008,WD ,Normal,165000,,,,,1.3562051695
1042,0527450520,160,RM,21,1890,Pave,NA,Reg,Lvl,AllPub,Inside,Gtl,BrDale,Norm,Norm,Twnhs,2Story,6,6,1972,1972,Gable,CompShg,HdBoard,HdBoard,BrkFace,422,TA,TA,CBlock,TA,TA,No,LwQ,483,Unf,0,0,483,GasA,Gd,Y,SBrkr,483,504,0,987,0,0,1,1,2,1,TA,5,Typ,0,NA,Detchd,1975,Unf,1,352,TA,TA,Y,411,0,0,0,0,0,NA,NA,NA,0,4,2008,WD ,Normal,100500,,,,,-0.5739647034
2148,0907260040,020,RL,70,8749,Pave,NA,Reg,Lvl,AllPub,Inside,Gtl,CollgCr,Norm,Norm,1Fam,1Story,7,5,2002,2002,Gable,CompShg,VinylSd,VinylSd,BrkFace,100,Gd,TA,PConc,Gd,TA,No,Unf,0,Unf,0,1459,1459,GasA,Ex,Y,SBrkr,1459,0,0,1459,0,0,2,0,3,1,Gd,6,Typ,1,Gd,Attchd,2002,RFn,2,527,TA,TA,Y,192,39,0,0,0,0,NA,NA,NA,0,9,2007,WD ,Normal,192000,,,,,1.4779275939
2804,0907290230,120,RM,37,4435,Pave,NA,Reg,Lvl,AllPub,Inside,Gtl,CollgCr,Norm,Norm,TwnhsE,1Story,6,5,2004,2004,Gable,CompShg,VinylSd,VinylSd,BrkFace,169,Gd,TA,PConc,Gd,TA,Mn,GLQ,662,Unf,0,186,848,GasA,Ex,Y,SBrkr,848,0,0,848,1,0,1,0,1,1,Gd,3,Typ,1,Gd,Attchd,2004,RFn,2,420,TA,TA,Y,140,0,0,0,0,0,NA,NA,NA,0,5,2006,WD ,Normal,155900,,,,,-1.1782295961
936,0909451180,160,RM,24,1300,Pave,NA,Reg,Lvl,AllPub,Inside,Gtl,Blueste,Norm,Norm,TwnhsE,2Story,6,6,1980,1980,Gable,CompShg,MetalSd,MetalSd,None,0,TA,TA,CBlock,Gd,TA,No,ALQ,285,Unf,0,276,561,GasA,TA,Y,SBrkr,561,668,0,1229,0,0,1,1,2,1,TA,5,Typ,1,TA,Attchd,1980,Fin,2,462,TA,TA,Y,150,0,0,0,0,0,NA,GdPrv,NA,0,5,2009,WD ,Normal,124000,,,,,0.4780648219
1338,0903228040,050,RM,50,6000,Pave,NA,Reg,Lvl,AllPub,Inside,Gtl,BrkSide,Norm,Norm,1Fam,1.5Fin,6,7,1937,2000,Gable,CompShg,Wd Sdng,Wd Sdng,None,0,TA,Gd,BrkTil,TA,TA,No,Rec,201,LwQ,162,462,825,GasA,Ex,Y,SBrkr,825,672,0,1497,0,0,2,0,3,1,TA,5,Typ,0,NA,Detchd,2004,Unf,1,672,TA,TA,Y,272,0,0,0,0,0,NA,GdPrv,NA,0,5,2008,WD ,Normal,157000,,,,,1.6431223128
2644,0902109010,030,RM,70,5684,Pave,NA,Reg,Lvl,AllPub,Inside,Gtl,OldTown,Norm,Norm,1Fam,1Story,6,8,1930,2005,Hip,CompShg,Wd Sdng,Wd Sdng,None,0,TA,TA,BrkTil,TA,TA,No,Unf,0,Unf,0,813,813,GasA,Ex,Y,FuseA,813,0,0,813,0,0,1,0,2,1,Gd,5,Typ,0,NA,Detchd,1932,Unf,1,270,Fa,Fa,N,0,113,0,0,0,0,NA,NA,NA,0,6,2006,WD ,Normal,110000,,,,,-1.3303826266
2060,0905105170,020,RL,,8398,Pave,NA,IR1,Lvl,AllPub,Inside,Gtl,Sawyer,Norm,Norm,1Fam,1Story,5,5,1967,1967,Gable,CompShg,MetalSd,MetalSd,BrkFace,323,TA,Gd,CBlock,TA,TA,No,LwQ,114,BLQ,529,300,943,GasA,TA,Y,SBrkr,943,0,0,943,1,0,1,0,2,1,TA,5,Typ,0,NA,Detchd,1972,Unf,2,528,TA,TA,Y,132,0,0,0,0,0,NA,NA,NA,0,6,2007,WD ,Normal,134500,,,,,-0.765242799
